state,yearMonth,CO2,SO2,NOx
CA,2001-01,4223304,467572,4262098
CA,2001-02,3804935,589176,3739861
CA,2001-03,4433828,503198,4261788
CA,2001-04,3886053,475845,3777874
CA,2001-05,4104897,554604,2902667
CA,2001-06,3964029,526244,2561978
CA,2001-07,4819765,399142,3117567
CA,2001-08,5102287,58897,3207247
CA,2001-09,4299423,51377,2735561
CA,2001-10,3693772,53065,2677666
CA,2001-11,2763501,44164,2253922
CA,2001-12,2798910,32024,2178106
CA,2002-01,2105429,30018,1087211
CA,2002-02,1842776,58436,942412
CA,2002-03,2764859,32990,1257041
CA,2002-04,1634136,42548,1591368
CA,2002-05,1831411,20228,1655942
CA,2002-06,2821749,29485,2520142
CA,2002-07,4103770,38219,2870661
CA,2002-08,3691964,34202,2186062
CA,2002-09,3356005,35930,2124846
CA,2002-10,2444911,23503,1868394
CA,2002-11,2254819,21923,1651056
CA,2002-12,2483751,24412,1781271
CA,2003-01,2186141,22298,666700
CA,2003-02,2333323,27636,799098
CA,2003-03,2401500,23341,1182047
CA,2003-04,1685930,19852,823056
CA,2003-05,1531487,14517,542142
CA,2003-06,2010719,24715,856739
CA,2003-07,4268443,41050,3432038
CA,2003-08,3924174,41974,3863685
CA,2003-09,3519169,34376,3562506
CA,2003-10,3189626,30442,2024581
CA,2003-11,2125814,21892,3434625
CA,2003-12,2172304,21464,1137920
CA,2004-01,2260850,22752,521034
CA,2004-02,2404730,24200,561893
CA,2004-03,2772863,27957,687451
CA,2004-04,2583680,25577,729584
CA,2004-05,2611603,25323,688904
CA,2004-06,2508803,24088,716449
CA,2004-07,4162110,39772,1140905
CA,2004-08,4042259,38960,1046984
CA,2004-09,3742055,35996,954613
CA,2004-10,3091267,30589,728377
CA,2004-11,2949673,28347,793197
CA,2004-12,2812494,27698,701582
CA,2005-01,2446942,24278,622044
CA,2005-02,2098069,25710,434975
CA,2005-03,2148406,23291,464384
CA,2005-04,1893098,19511,442723
CA,2005-05,1921046,18454,547376
CA,2005-06,1855747,17201,456755
CA,2005-07,4004712,37230,969389
CA,2005-08,4051688,37766,1057323
CA,2005-09,2816893,26120,1515655
CA,2005-10,2632819,24498,754327
CA,2005-11,2849749,27243,745745
CA,2005-12,2964187,28298,704075
CA,2006-01,2331033,26052,1306784
CA,2006-02,2426384,25470,797304
CA,2006-03,2616332,25168,562396
CA,2006-04,2009729,19518,569634
CA,2006-05,2378622,21871,591746
CA,2006-06,3244478,29608,824146
CA,2006-07,5622822,52422,1800182
CA,2006-08,3980052,54068,814570
CA,2006-09,3776967,127285,817094
CA,2006-10,3206381,31018,1426754
CA,2006-11,3019964,30765,620828
CA,2006-12,3199551,50074,664577
CA,2007-01,3128186,60800,864686
CA,2007-02,2552786,27946,1436707
CA,2007-03,2373183,25504,1459698
CA,2007-04,2407796,25198,1540154
CA,2007-05,2796118,27713,1586997
CA,2007-06,3494976,32893,1952461
CA,2007-07,4967620,47702,1069364
CA,2007-08,5600595,53245,1288279
CA,2007-09,4108818,39562,851822
CA,2007-10,3917635,37878,862221
CA,2007-11,3564615,38767,734365
CA,2007-12,3999411,94729,831766
CA,2008-01,3889823,35656,903750
CA,2008-02,3120302,29512,688280
CA,2008-03,2925970,30291,706439
CA,2008-04,3474358,41485,762508
CA,2008-05,2863025,27242,651325
CA,2008-06,3224131,44178,733528
CA,2008-07,4190304,39608,828204
CA,2008-08,4975738,56456,938011
CA,2008-09,4450471,52155,932720
CA,2008-10,4000796,41544,881311
CA,2008-11,3469904,37342,783184
CA,2008-12,3792833,40326,850900
CA,2009-01,3257168,45598,1398797
CA,2009-02,3052032,40925,2802363
CA,2009-03,2796588,43061,1397551
CA,2009-04,2589930,38074,2085791
CA,2009-05,2688227,38066,851545
CA,2009-06,2362328,47781,573709
CA,2009-07,4580776,54251,921547
CA,2009-08,4656386,65625,950597
CA,2009-09,5066538,57738,1053756
CA,2009-10,3603420,46095,711929
CA,2009-11,3159239,41808,665031
CA,2009-12,3697723,82600,857207
CA,2010-01,3289708,30988,697582
CA,2010-02,3055108,29677,592091
CA,2010-03,3342390,32199,791762
CA,2010-04,2765449,26511,1492636
CA,2010-05,1891095,17839,1481401
CA,2010-06,1797693,82188,491843
CA,2010-07,3223865,30808,676365
CA,2010-08,3900518,36913,721363
CA,2010-09,3573058,33293,662240
CA,2010-10,3893570,38428,514565
CA,2010-11,3342536,32885,459780
CA,2010-12,3036200,30533,426286
CA,2011-01,2439844,23092,391389
CA,2011-02,2464758,25106,367695
CA,2011-03,1979680,19009,349023
CA,2011-04,1622336,15980,276704
CA,2011-05,1377049,12933,253456
CA,2011-06,1576013,14811,308604
CA,2011-07,2731627,27311,496999
CA,2011-08,3420677,32797,651299
CA,2011-09,3428654,33960,637622
CA,2011-10,2598740,25245,623889
CA,2011-11,2546549,24320,1005408
CA,2011-12,3336883,32259,735155
CA,2012-01,3278431,30785,410265
CA,2012-02,3303386,31521,413952
CA,2012-03,3201209,30706,406317
CA,2012-04,3050126,29243,416784
CA,2012-05,3062810,28393,459646
CA,2012-06,3163948,29900,726337
CA,2012-07,3824216,35675,895057
CA,2012-08,5456971,50050,1271588
CA,2012-09,4757788,44539,1740246
CA,2012-10,4303352,40847,886904
CA,2012-11,3651358,33519,1152231
CA,2012-12,3296361,31037,851174
CA,2013-01,3403286,31443,452030
CA,2013-02,3126042,29155,470100
CA,2013-03,3035480,28773,437138
CA,2013-04,2725399,26386,383493
CA,2013-05,2844957,26021,640065
CA,2013-06,3522841,32133,1394320
CA,2013-07,4518014,41143,776551
CA,2013-08,4509167,40378,748664
CA,2013-09,4463060,41389,628202
CA,2013-10,3679502,34367,514355
CA,2013-11,3693679,32968,525499
CA,2013-12,4422258,40192,651746
CA,2014-01,3759659,34964,554559
CA,2014-02,3597898,32794,528572
CA,2014-03,3084416,28400,493663
CA,2014-04,2976774,28531,390157
CA,2014-05,3019455,27728,464011
CA,2014-06,3014909,27655,428288
CA,2014-07,4376788,39783,663796
CA,2014-08,4508190,41844,621398
CA,2014-09,4761187,43613,634792
CA,2014-10,4717467,43964,593456
CA,2014-11,3280839,31483,465468
CA,2014-12,3463243,32675,413023
CA,2015-01,3389942,31589,416160
CA,2015-02,2419923,22659,293273
CA,2015-03,2899482,27985,366317
CA,2015-04,2796920,27194,391849
CA,2015-05,2676113,25749,373069
CA,2015-06,4094727,39291,557985
CA,2015-07,4639915,43704,1588538
CA,2015-08,4937721,45760,680019
CA,2015-09,4842827,45602,613036
CA,2015-10,4617154,43212,618396
CA,2015-11,3243139,30922,495484
CA,2015-12,3458999,33148,454066
CA,2016-01,3279966,31345,396981
CA,2016-02,2590107,24439,367109
CA,2016-03,2067908,20298,298967
CA,2016-04,2002833,19444,339640
CA,2016-05,2075615,23553,356334
CA,2016-06,3344195,30667,510991
CA,2016-07,3927013,36280,683702
CA,2016-08,4322126,40423,963879
CA,2016-09,3519225,32732,470807
CA,2016-10,3436949,32642,517469
CA,2016-11,2603736,24131,411138
CA,2016-12,2893715,27225,378664
CA,2017-01,2746858,26160,369095
CA,2017-02,1966706,18457,297927
CA,2017-03,1594488,15728,263447
CA,2017-04,1382346,11725,215497
CA,2017-05,1783110,16473,277044
CA,2017-06,2573291,23744,383608
CA,2017-07,1766848,15958,719341
CA,2017-08,2105792,19071,765287
CA,2017-09,1653725,14646,687640
CA,2017-10,1584237,14136,218088
CA,2017-11,1317991,11721,177428
CA,2017-12,1345823,11833,181679
CA,2018-01,1220601,10794,174565
CA,2018-02,1122753,9810,191769
CA,2018-03,1140459,10299,159880
OR,2001-01,650660,2833793,1766954
OR,2001-02,617448,2993136,1847770
OR,2001-03,666456,3517028,2070353
OR,2001-04,641362,3392869,1958346
OR,2001-05,453145,1718624,1169045
OR,2001-06,507771,1973987,1261395
OR,2001-07,703914,3280299,2153118
OR,2001-08,787239,3070882,2069908
OR,2001-09,775874,3294191,1981833
OR,2001-10,775537,3344721,2124921
OR,2001-11,672187,3110439,1770731
OR,2001-12,818078,3144116,2125358
OR,2002-01,764387,3014200,1976402
OR,2002-02,740599,3004046,1778119
OR,2002-03,530761,1774619,1071486
OR,2002-04,370234,1747154,960646
OR,2002-05,484583,1875155,1484400
OR,2002-06,50972,718,14862
OR,2002-07,273785,1043085,605626
OR,2002-08,839491,2393204,1657668
OR,2002-09,886835,2250632,1858436
OR,2002-10,911350,2395591,2067406
OR,2002-11,832904,2495327,2108186
OR,2002-12,923833,2569031,2095794
OR,2003-01,899773,2157285,1921216
OR,2003-02,725295,2155084,1843708
OR,2003-03,708794,2349462,1971541
OR,2003-04,569974,2200082,1878765
OR,2003-05,531363,2042047,1724485
OR,2003-06,215719,113256,145374
OR,2003-07,930822,2368912,1970541
OR,2003-08,976660,2558493,1984405
OR,2003-09,995957,2666399,2048934
OR,2003-10,966497,2653695,2030076
OR,2003-11,905463,2647916,1868070
OR,2003-12,788652,2369502,1835871
OR,2004-01,932699,2695268,2075899
OR,2004-02,898080,2871368,1715434
OR,2004-03,831042,2976028,1929100
OR,2004-04,765509,2833910,1727101
OR,2004-05,269981,2672,69195
OR,2004-06,240016,2543,61564
OR,2004-07,449323,154426,185897
OR,2004-08,779435,2289450,1598943
OR,2004-09,868546,2959902,1839254
OR,2004-10,915996,3040006,2012527
OR,2004-11,883778,2436183,1799324
OR,2004-12,922607,2564719,1851745
OR,2005-01,986757,2818094,2263986
OR,2005-02,931501,2542597,1965539
OR,2005-03,928351,2418542,1833222
OR,2005-04,932436,2991229,2061537
OR,2005-05,134875,229850,177102
OR,2005-06,609283,2598886,1713941
OR,2005-07,865697,2485070,1856041
OR,2005-08,992398,2768398,2083411
OR,2005-09,965512,2949095,2167233
OR,2005-10,861094,2247773,1644207
OR,2005-11,499148,32684,139260
OR,2005-12,532740,5110,131585
OR,2006-01,209759,2207,53391
OR,2006-02,324321,9571,86499
OR,2006-03,378090,3702,94482
OR,2006-04,33890,353,10981
OR,2006-05,93376,371577,197811
OR,2006-06,157230,39532,68820
OR,2006-07,1008090,2657475,2162368
OR,2006-08,1019157,2974351,2199099
OR,2006-09,931257,2493236,1773528
OR,2006-10,999030,2632079,1902910
OR,2006-11,859290,3013935,2046740
OR,2006-12,1061439,3251150,2319174
OR,2007-01,973457,3001489,2231211
OR,2007-02,841233,2490506,1702082
OR,2007-03,613215,2879854,1803754
OR,2007-04,591139,2369726,1670944
OR,2007-05,243263,404434,309097
OR,2007-06,889382,3133284,2134075
OR,2007-07,1084396,2933050,2244009
OR,2007-08,1109717,2273268,2249929
OR,2007-09,1079441,2267051,2061127
OR,2007-10,1043776,1720751,1917699
OR,2007-11,1080457,2159038,2133465
OR,2007-12,1182398,2502615,2268916
OR,2008-01,1127661,1851598,1887256
OR,2008-02,1117348,2567353,1995887
OR,2008-03,1097697,2206710,1958557
OR,2008-04,997943,1748927,1677826
OR,2008-05,313375,7137,68660
OR,2008-06,282054,1067734,793918
OR,2008-07,867489,2109881,1889074
OR,2008-08,1150286,2385282,1965706
OR,2008-09,1032998,1819382,1591752
OR,2008-10,1112935,2309173,1735839
OR,2008-11,1027242,2356922,1793466
OR,2008-12,1145736,2321804,1918434
OR,2009-01,967467,2578379,1809271
OR,2009-02,1035257,2751785,1782496
OR,2009-03,1057677,2696487,1808549
OR,2009-04,319961,267730,224982
OR,2009-05,91668,959,28487
OR,2009-06,225385,623819,404194
OR,2009-07,641100,9299,152496
OR,2009-08,1016492,2117346,1397525
OR,2009-09,1060651,2392522,1523608
OR,2009-10,1119988,2999416,1830118
OR,2009-11,1093565,2902468,1759928
OR,2009-12,1153669,2884281,1954399
OR,2010-01,1090136,2892561,1891665
OR,2010-02,1022185,2917440,1786925
OR,2010-03,1109655,3409367,1952495
OR,2010-04,934841,2617857,1640760
OR,2010-05,237082,147998,104456
OR,2010-06,173084,1025947,472165
OR,2010-07,884433,3077856,1711839
OR,2010-08,1130306,3114636,2022719
OR,2010-09,1096993,2795651,1957139
OR,2010-10,1066256,2947530,1985098
OR,2010-11,1076183,3106540,1977815
OR,2010-12,1055975,3338849,1956563
OR,2011-01,733515,2683710,1516517
OR,2011-02,530604,2323097,1226863
OR,2011-03,415959,1847590,928488
OR,2011-04,273098,888908,436031
OR,2011-05,81358,1167,27463
OR,2011-06,190403,1012318,246782
OR,2011-07,404196,2358714,640629
OR,2011-08,671659,3355049,887880
OR,2011-09,871932,2858615,889619
OR,2011-10,794321,2183274,876118
OR,2011-11,940118,3273337,916724
OR,2011-12,1092088,3478416,957077
OR,2012-01,1049248,3252249,936194
OR,2012-02,1008192,3250772,918892
OR,2012-03,520452,570255,238676
OR,2012-04,197695,2225,61708
OR,2012-05,91911,39804,40566
OR,2012-06,70144,1846,30434
OR,2012-07,355187,953206,282391
OR,2012-08,694019,2186628,617134
OR,2012-09,1005957,2912087,847979
OR,2012-10,1065492,3530904,1007448
OR,2012-11,897564,3423620,920643
OR,2012-12,705195,2877081,781878
OR,2013-01,1029067,3259913,998024
OR,2013-02,921255,2768706,900089
OR,2013-03,998834,2882450,924013
OR,2013-04,501825,1486729,437085
OR,2013-05,289735,879179,254647
OR,2013-06,592414,2682979,800879
OR,2013-07,505077,71593,145246
OR,2013-08,1078967,3683973,1071202
OR,2013-09,935015,3056905,968531
OR,2013-10,969831,2386458,978371
OR,2013-11,1028544,2369729,1032811
OR,2013-12,1154071,2499235,1075912
OR,2014-01,1126568,2818900,1047379
OR,2014-02,993171,2435284,924723
OR,2014-03,397313,1473677,434776
OR,2014-04,157284,73656,73450
OR,2014-05,188703,85715,90067
OR,2014-06,257455,483303,254754
OR,2014-07,797058,1100477,717692
OR,2014-08,1010950,1344154,931842
OR,2014-09,1078676,1482016,1038585
OR,2014-10,1019794,1487468,1046981
OR,2014-11,918220,1228690,832585
OR,2014-12,774925,939592,662019
OR,2015-01,523820,105889,181095
OR,2015-02,211776,2777,65334
OR,2015-03,361956,5023,98321
OR,2015-04,494635,7607,123815
OR,2015-05,362046,4296,92144
OR,2015-06,862970,1118289,765676
OR,2015-07,1015034,1266659,826178
OR,2015-08,1064925,1420337,936436
OR,2015-09,1047569,1344609,890523
OR,2015-10,997090,1353700,877524
OR,2015-11,1003078,1168265,787092
OR,2015-12,1086045,1439050,943975
OR,2016-01,947723,1202649,799144
OR,2016-02,569809,7335,140176
OR,2016-03,435790,6330,113049
OR,2016-04,166189,1813,48616
OR,2016-05,191850,3816,55648
OR,2016-06,574975,415745,325222
OR,2016-07,872291,996890,631188
OR,2016-08,1024468,1342161,854997
OR,2016-09,1125768,1382976,812975
OR,2016-10,648554,601743,369150
OR,2016-11,477051,7763,97590
OR,2016-12,1144247,1459409,970167
OR,2017-01,1207133,1448712,971274
OR,2017-02,636102,722955,490676
OR,2017-03,172375,1881,42781
OR,2017-04,95188,1075,26801
OR,2017-05,77680,1634,24177
OR,2017-06,131327,2012,40231
OR,2017-07,492542,516486,358581
OR,2017-08,600509,666434,449465
OR,2017-09,536173,648099,454500
OR,2017-10,470624,328379,259791
OR,2017-11,330143,4917,70321
OR,2017-12,455148,67316,130052
OR,2018-01,324116,4855,66543
OR,2018-02,235317,3445,49551
OR,2018-03,351346,5258,73678
WA,2001-01,986322,11455860,3431644
WA,2001-02,892147,11078310,3108182
WA,2001-03,1041754,12767443,3647202
WA,2001-04,669478,9045422,2377123
WA,2001-05,537114,6189550,1751965
WA,2001-06,717853,8990236,2103478
WA,2001-07,956254,13159150,2720090
WA,2001-08,1071543,15503818,2892697
WA,2001-09,930489,14357092,2683115
WA,2001-10,904772,12456025,3309994
WA,2001-11,1095360,9023977,4621218
WA,2001-12,1167119,9796256,4018091
WA,2002-01,1242985,9873085,3587356
WA,2002-02,952249,7971184,2839238
WA,2002-03,1248751,9560167,3752996
WA,2002-04,652237,2127043,1834922
WA,2002-05,529924,446562,1317205
WA,2002-06,254068,1295631,748304
WA,2002-07,576969,538846,1565090
WA,2002-08,1158118,1073816,2756468
WA,2002-09,1194277,1064036,3022539
WA,2002-10,1090803,1318504,2955702
WA,2002-11,1100204,1232624,2787013
WA,2002-12,1247603,1571824,3939363
WA,2003-01,1424569,1258807,5611594
WA,2003-02,1183654,1249189,4067951
WA,2003-03,1296984,1339925,2785530
WA,2003-04,943386,1130447,2500979
WA,2003-05,1044639,1450448,3051747
WA,2003-06,1001598,1391944,2663876
WA,2003-07,1337527,1578584,3881541
WA,2003-08,1360712,1428838,4505737
WA,2003-09,1173151,1209161,2751258
WA,2003-10,1353026,1435481,3643204
WA,2003-11,1269416,1482911,2963173
WA,2003-12,1309312,1635841,2895708
WA,2004-01,1331621,1444289,2815100
WA,2004-02,1329050,1249622,2817165
WA,2004-03,1218175,1329933,2769312
WA,2004-04,1246184,1268711,2844618
WA,2004-05,568805,697168,1291914
WA,2004-06,878623,1061078,2296682
WA,2004-07,1300581,1135125,2304606
WA,2004-08,1474861,1152420,3029827
WA,2004-09,1356236,1121170,2564301
WA,2004-10,1390340,1299431,2998097
WA,2004-11,1303927,946898,2845365
WA,2004-12,1184624,1094981,2742742
WA,2005-01,1393574,879566,3465257
WA,2005-02,1201505,1127681,3056407
WA,2005-03,1397084,622934,3331888
WA,2005-04,1195984,546309,2748804
WA,2005-05,456736,404861,1301909
WA,2005-06,1003123,549688,2543018
WA,2005-07,1348150,330039,2833678
WA,2005-08,1510847,290860,3106697
WA,2005-09,1408855,496011,3189500
WA,2005-10,1375903,439696,3394781
WA,2005-11,1341800,555909,3089120
WA,2005-12,1394240,510865,2719352
WA,2006-01,779249,208525,1692777
WA,2006-02,840289,275056,1712814
WA,2006-03,924519,337629,2107278
WA,2006-04,197857,83794,488382
WA,2006-05,6955,262,4541
WA,2006-06,47707,1792,56245
WA,2006-07,1039260,510686,1928490
WA,2006-08,1124036,294180,1917665
WA,2006-09,1196949,361308,2004645
WA,2006-10,1530543,438945,2809573
WA,2006-11,1078968,450152,2379653
WA,2006-12,1234911,420527,2710587
WA,2007-01,1046818,337611,2182099
WA,2007-02,914263,232512,1967414
WA,2007-03,641603,129119,1280430
WA,2007-04,782734,168709,1844145
WA,2007-05,593437,456588,1590386
WA,2007-06,814476,267226,1739174
WA,2007-07,1321794,541873,2421031
WA,2007-08,1423679,469673,2629316
WA,2007-09,1324747,301942,2212724
WA,2007-10,1313931,621958,2307627
WA,2007-11,1229597,386304,2235361
WA,2007-12,1361950,401601,2430382
WA,2008-01,1246168,332021,2025903
WA,2008-02,1272542,491727,2279036
WA,2008-03,1335581,563216,2399589
WA,2008-04,1002144,310231,1406787
WA,2008-05,424894,258888,907179
WA,2008-06,178734,66333,398822
WA,2008-07,1079468,430604,1900209
WA,2008-08,1469106,458129,1941581
WA,2008-09,1652897,526561,2358238
WA,2008-10,1521858,399655,2452203
WA,2008-11,1283309,411583,2037321
WA,2008-12,1442544,467965,2209922
WA,2009-01,1256352,331427,2454050
WA,2009-02,1378602,307377,2214970
WA,2009-03,1402584,384516,2218578
WA,2009-04,543820,140026,1027429
WA,2009-05,28476,774,8846
WA,2009-06,69467,273269,51871
WA,2009-07,1648582,1292851,2570622
WA,2009-08,1852373,1613450,2497563
WA,2009-09,1622941,1120606,2165092
WA,2009-10,1681268,685292,2561308
WA,2009-11,820189,225508,1072918
WA,2009-12,1515941,818356,2405611
WA,2010-01,1337909,389292,2617208
WA,2010-02,1138357,503598,1965213
WA,2010-03,1606413,751653,2646117
WA,2010-04,1147519,631682,1687912
WA,2010-05,492751,326846,931092
WA,2010-06,106681,21146,229993
WA,2010-07,1479688,628645,2516555
WA,2010-08,1845118,554216,2657093
WA,2010-09,1628860,501336,2258374
WA,2010-10,1174428,372493,1718926
WA,2010-11,1307083,279271,2306428
WA,2010-12,1299490,364069,2424212
WA,2011-01,924604,282428,1661163
WA,2011-02,113471,57406,179120
WA,2011-03,173649,82378,365236
WA,2011-04,22961,562,10082
WA,2011-05,5647,137,2567
WA,2011-06,9322,212,4843
WA,2011-07,139899,22708,230390
WA,2011-08,1204606,356363,2037048
WA,2011-09,1473899,437957,2428806
WA,2011-10,1114990,321579,2150710
WA,2011-11,1260159,379500,2157179
WA,2011-12,1416994,365401,2400454
WA,2012-01,701702,166500,1030853
WA,2012-02,270785,5669,56442
WA,2012-03,145880,2957,31076
WA,2012-04,44393,815,17714
WA,2012-05,13841,300,9416
WA,2012-06,15320,371,8484
WA,2012-07,98188,46356,73147
WA,2012-08,988437,295606,1453454
WA,2012-09,1169164,329480,1771302
WA,2012-10,1250782,521324,1977721
WA,2012-11,1047994,676739,1913875
WA,2012-12,828391,445401,1413952
WA,2013-01,783445,344979,1095967
WA,2013-02,710204,293244,903533
WA,2013-03,1441523,947709,2091097
WA,2013-04,123083,18081,81942
WA,2013-05,94997,1908,29694
WA,2013-06,408763,165545,395438
WA,2013-07,1433252,687196,1765282
WA,2013-08,1737096,722377,2085314
WA,2013-09,1546815,631864,1966725
WA,2013-10,1645464,631174,2256027
WA,2013-11,1337338,610333,1913405
WA,2013-12,1641499,670230,2081409
WA,2014-01,1693111,777883,2348382
WA,2014-02,1563085,897919,2209668
WA,2014-03,503114,230821,733542
WA,2014-04,324841,141803,448804
WA,2014-05,121141,1992,29801
WA,2014-06,339687,275190,426921
WA,2014-07,1336437,827959,1743355
WA,2014-08,1597357,846388,1818762
WA,2014-09,1577110,671163,1771988
WA,2014-10,1365032,508720,1570303
WA,2014-11,1188550,570984,1621164
WA,2014-12,1040006,394016,1254168
WA,2015-01,933340,431568,1202899
WA,2015-02,81600,1462,20987
WA,2015-03,234578,3994,49147
WA,2015-04,237008,4448,54633
WA,2015-05,511856,108823,455366
WA,2015-06,1250570,712597,1323431
WA,2015-07,1529944,581710,1523422
WA,2015-08,1389484,559393,1421569
WA,2015-09,1379777,475398,1446072
WA,2015-10,1476442,577672,1559771
WA,2015-11,1300613,603854,1394349
WA,2015-12,1425096,789745,1854484
WA,2016-01,1008548,252395,871882
WA,2016-02,390378,5806,79473
WA,2016-03,188386,1897,39818
WA,2016-04,96767,964,22440
WA,2016-05,235841,2889,50297
WA,2016-06,558842,231353,503475
WA,2016-07,1282822,461820,1417336
WA,2016-08,1659939,685819,1923686
WA,2016-09,1526280,427226,1860466
WA,2016-10,1038314,369293,1498044
WA,2016-11,818995,144037,965491
WA,2016-12,1303400,356784,1746493
WA,2017-01,1149799,425668,1338131
WA,2017-02,609498,364188,726518
WA,2017-03,80858,1804,27694
WA,2017-04,106255,2784,40527
WA,2017-05,96686,1598,29811
WA,2017-06,81822,1107,31457
WA,2017-07,589694,158249,661092
WA,2017-08,889987,295038,1078412
WA,2017-09,763878,266454,1019591
WA,2017-10,728000,218799,891824
WA,2017-11,690408,196421,957519
WA,2017-12,785612,204750,990306
WA,2018-01,516686,144155,679959
WA,2018-02,143161,11679,85532
WA,2018-03,164171,1835,29034
ID,2001-01,70141,142,36087
ID,2001-02,60972,185,31385
ID,2001-03,51470,341,25693
ID,2001-04,71761,723,46341
ID,2001-05,62841,640,37421
ID,2001-06,51644,515,31718
ID,2001-07,63383,628,28310
ID,2001-08,50160,23,22146
ID,2001-09,90844,478,32478
ID,2001-10,118442,758,39794
ID,2001-11,51957,491,12239
ID,2001-12,62524,569,52124
ID,2002-01,44479,432,17110
ID,2002-02,70677,681,18126
ID,2002-03,94161,916,35287
ID,2002-04,19313,190,6878
ID,2002-05,3542,8,5594
ID,2002-06,6638,13,7557
ID,2002-07,27379,139,22833
ID,2002-08,29123,281,9333
ID,2002-09,52594,523,12877
ID,2002-10,61793,583,17834
ID,2002-11,52508,503,12661
ID,2002-12,64164,615,15075
ID,2003-01,51455,498,12498
ID,2003-02,56093,539,12882
ID,2003-03,41861,408,9376
ID,2003-04,9765,94,3174
ID,2003-05,2637,0,4397
ID,2003-06,9526,56,7760
ID,2003-07,95171,731,40399
ID,2003-08,57087,513,21863
ID,2003-09,58329,584,14061
ID,2003-10,40113,392,12580
ID,2003-11,63142,612,15273
ID,2003-12,40528,397,10354
ID,2004-01,74731,742,17094
ID,2004-02,70771,686,13599
ID,2004-03,47810,470,11679
ID,2004-04,202,0,246
ID,2004-05,52242,528,11480
ID,2004-06,20989,195,8044
ID,2004-07,61239,544,20052
ID,2004-08,62246,606,19555
ID,2004-09,54212,573,13346
ID,2004-10,50960,520,16057
ID,2004-11,59349,599,15500
ID,2004-12,49180,507,12749
ID,2005-01,58457,589,15146
ID,2005-02,57115,584,13428
ID,2005-03,51862,543,12990
ID,2005-04,44405,475,12634
ID,2005-05,8116,84,3703
ID,2005-06,2970,26,3451
ID,2005-07,53824,533,30901
ID,2005-08,63815,644,25025
ID,2005-09,53897,562,12576
ID,2005-10,58766,602,13055
ID,2005-11,63712,622,17483
ID,2005-12,58281,545,16982
ID,2006-01,6432,61,3206
ID,2006-02,23081,227,5141
ID,2006-03,20245,198,6377
ID,2006-04,2,0,6
ID,2006-05,23438,196,15180
ID,2006-06,28580,232,20027
ID,2006-07,78222,577,39807
ID,2006-08,56701,559,14621
ID,2006-09,67954,665,19283
ID,2006-10,68957,695,15935
ID,2006-11,45226,439,14579
ID,2006-12,73484,708,20026
ID,2007-01,42624,422,15770
ID,2007-02,46837,467,11355
ID,2007-03,16962,161,9688
ID,2007-04,22405,188,16014
ID,2007-05,17001,162,12023
ID,2007-06,42807,412,26016
ID,2007-07,94275,829,74537
ID,2007-08,99883,902,58782
ID,2007-09,88648,880,35765
ID,2007-10,75103,751,19093
ID,2007-11,64723,633,14882
ID,2007-12,74288,723,23864
ID,2008-01,81951,785,33140
ID,2008-02,66516,653,19209
ID,2008-03,71076,698,20725
ID,2008-04,73306,713,19826
ID,2008-05,15677,154,5891
ID,2008-06,8195,77,5958
ID,2008-07,43958,432,18351
ID,2008-08,90462,897,34156
ID,2008-09,96096,929,32248
ID,2008-10,54852,549,17494
ID,2008-11,42836,421,12442
ID,2008-12,77477,762,31354
ID,2009-01,41338,406,12270
ID,2009-02,48461,483,11867
ID,2009-03,30626,294,12691
ID,2009-04,11851,117,4991
ID,2009-05,19260,191,11051
ID,2009-06,8888,76,6048
ID,2009-07,79640,790,32406
ID,2009-08,143177,1305,73268
ID,2009-09,102282,907,44894
ID,2009-10,62185,630,15030
ID,2009-11,42329,427,12402
ID,2009-12,84444,812,44913
ID,2010-01,48376,487,12188
ID,2010-02,66583,669,13978
ID,2010-03,73171,717,18082
ID,2010-04,66553,630,19336
ID,2010-05,12566,120,4994
ID,2010-06,5929,52,4375
ID,2010-07,51523,509,21654
ID,2010-08,114044,1092,55190
ID,2010-09,79040,775,21912
ID,2010-10,72680,731,16027
ID,2010-11,55642,546,22879
ID,2010-12,47346,459,14432
ID,2011-01,29554,284,8893
ID,2011-02,25364,241,12770
ID,2011-03,4745,46,3270
ID,2011-04,23943,224,11893
ID,2011-05,6631,57,3875
ID,2011-06,18145,165,13760
ID,2011-07,33547,330,20944
ID,2011-08,69516,694,36627
ID,2011-09,58286,599,15171
ID,2011-10,25561,257,8093
ID,2011-11,64613,631,16278
ID,2011-12,84269,790,27962
ID,2012-01,75118,712,18949
ID,2012-02,75186,713,18425
ID,2012-03,48403,474,14350
ID,2012-04,31716,307,19276
ID,2012-05,12234,108,9400
ID,2012-06,35886,378,18847
ID,2012-07,103657,1019,29707
ID,2012-08,138681,1390,39683
ID,2012-09,90225,915,21187
ID,2012-10,84046,829,21529
ID,2012-11,57478,554,18552
ID,2012-12,37034,371,13585
ID,2013-01,142104,1396,38978
ID,2013-02,68569,682,16128
ID,2013-03,94241,918,23928
ID,2013-04,43007,427,14639
ID,2013-05,67620,677,35985
ID,2013-06,92723,919,27683
ID,2013-07,168478,1704,53818
ID,2013-08,192652,1884,61296
ID,2013-09,153432,1468,38191
ID,2013-10,90210,852,25454
ID,2013-11,124022,1159,24854
ID,2013-12,185651,1730,46893
ID,2014-01,157437,1455,27992
ID,2014-02,126535,1182,25477
ID,2014-03,20842,193,7916
ID,2014-04,10882,110,5468
ID,2014-05,29589,276,19055
ID,2014-06,31178,322,17370
ID,2014-07,125440,1221,43363
ID,2014-08,163206,1567,38087
ID,2014-09,139172,1367,27760
ID,2014-10,69526,706,16667
ID,2014-11,85978,822,31505
ID,2014-12,65569,631,16580
ID,2015-01,130634,1191,25065
ID,2015-02,21958,211,32904
ID,2015-03,46135,451,13622
ID,2015-04,71342,690,30968
ID,2015-05,120114,1116,30090
ID,2015-06,209749,1952,82462
ID,2015-07,186236,1794,59231
ID,2015-08,217411,2006,85007
ID,2015-09,166594,1589,46853
ID,2015-10,143540,1349,34377
ID,2015-11,130646,1226,41571
ID,2015-12,162688,1503,30917
ID,2016-01,166295,1502,28313
ID,2016-02,136702,1275,23566
ID,2016-03,99818,1009,19322
ID,2016-04,29314,287,10087
ID,2016-05,77712,742,29822
ID,2016-06,109985,995,43669
ID,2016-07,143910,1297,46070
ID,2016-08,216296,1941,76665
ID,2016-09,152662,1476,26404
ID,2016-10,76479,743,23452
ID,2016-11,46112,447,21002
ID,2016-12,107126,965,43590
ID,2017-01,173750,1528,34905
ID,2017-02,73481,705,23226
ID,2017-03,15244,133,14934
ID,2017-04,11773,119,5728
ID,2017-05,21067,212,12797
ID,2017-06,39299,400,16074
ID,2017-07,85605,815,24078
ID,2017-08,107410,929,36414
ID,2017-09,77175,738,16511
ID,2017-10,37597,370,9042
ID,2017-11,76030,726,12565
ID,2017-12,80497,743,13377
ID,2018-01,46595,451,9550
ID,2018-02,29763,281,7328
ID,2018-03,37019,374,7458
MT,2001-01,1833441,4033122,7172027
MT,2001-02,1707901,3967690,6734043
MT,2001-03,1669519,4674158,6446175
MT,2001-04,1261608,3795171,4727082
MT,2001-05,1392946,3310939,5599201
MT,2001-06,1223839,2475475,4812445
MT,2001-07,1822023,4182703,7081975
MT,2001-08,1940971,4480009,7240293
MT,2001-09,1767709,3868242,6710419
MT,2001-10,1966271,5071626,7729911
MT,2001-11,1839240,4526826,7269734
MT,2001-12,1842295,4421021,7346076
MT,2002-01,1311843,4084157,5039094
MT,2002-02,1478381,3441416,5810618
MT,2002-03,1891689,4492350,7520459
MT,2002-04,1741087,4110604,6863187
MT,2002-05,1551732,3003315,6134487
MT,2002-06,802563,1701590,3005685
MT,2002-07,1122884,2641266,4146825
MT,2002-08,1865398,3913696,7234238
MT,2002-09,1672527,3627616,6583572
MT,2002-10,1641896,3175268,6395325
MT,2002-11,1611287,3561463,6247029
MT,2002-12,1373595,3549872,5279064
MT,2003-01,1671065,3762052,6277091
MT,2003-02,1681086,3470191,6501042
MT,2003-03,1649972,3397947,6292853
MT,2003-04,1032757,2557879,3884284
MT,2003-05,1392371,2800260,5242140
MT,2003-06,1529717,2406024,5846080
MT,2003-07,1790586,3721590,6778815
MT,2003-08,1825248,3697887,6843423
MT,2003-09,1810153,3727241,6787352
MT,2003-10,1794520,3719357,6847112
MT,2003-11,1607092,3824501,5880165
MT,2003-12,1824535,3719082,6709075
MT,2004-01,1851640,3579620,7023871
MT,2004-02,1746170,3594382,6475910
MT,2004-03,1900904,3948909,7109754
MT,2004-04,1391772,3169881,4980196
MT,2004-05,1239860,2908662,4405711
MT,2004-06,1249358,2394842,4575566
MT,2004-07,1638660,3388494,5936908
MT,2004-08,1703296,3234770,6379086
MT,2004-09,1641758,3195129,5980796
MT,2004-10,1787816,3811447,6826482
MT,2004-11,1716175,3683542,6404472
MT,2004-12,1890431,3791671,7135311
MT,2005-01,1867023,3918933,7015887
MT,2005-02,1642704,3434326,6152468
MT,2005-03,1595862,3810817,6051896
MT,2005-04,1601859,2776378,6114785
MT,2005-05,1524122,2082601,5947571
MT,2005-06,1547822,2631533,5944783
MT,2005-07,1949894,3657437,7236273
MT,2005-08,1831463,3185914,6985344
MT,2005-09,1801912,3065382,6798082
MT,2005-10,1795255,3022715,6496893
MT,2005-11,1845983,3525032,6839543
MT,2005-12,1964544,3336260,7108747
MT,2006-01,1808813,3273869,6567848
MT,2006-02,1740620,3564908,6288436
MT,2006-03,1880065,3415888,6979870
MT,2006-04,1607516,2815559,5589076
MT,2006-05,1263619,2291033,4312512
MT,2006-06,1120057,2092491,3601638
MT,2006-07,1933227,3639182,5955913
MT,2006-08,2124572,3729985,6937000
MT,2006-09,1627522,2497922,5531927
MT,2006-10,1768196,2916438,6428729
MT,2006-11,2035612,4228633,9566824
MT,2006-12,1994489,4112844,10232126
MT,2007-01,2025426,3773627,10545115
MT,2007-02,1922700,3789820,9912621
MT,2007-03,1902166,3645460,9459114
MT,2007-04,1688914,2917279,6003971
MT,2007-05,1358097,3504942,4239560
MT,2007-06,1667404,3178640,6382424
MT,2007-07,2026925,3397345,7036720
MT,2007-08,1904364,4031872,5261258
MT,2007-09,2079760,3959794,5828546
MT,2007-10,1927077,3534777,5750797
MT,2007-11,1960785,4398975,5725393
MT,2007-12,1958931,3926805,5373480
MT,2008-01,1959245,3929869,5497818
MT,2008-02,1908517,3519683,5832280
MT,2008-03,2084292,3778483,5759108
MT,2008-04,1842515,3217426,4794433
MT,2008-05,1463478,2057099,3499901
MT,2008-06,1170947,1713881,2727681
MT,2008-07,1774191,3251417,4653029
MT,2008-08,1920604,3734160,5061578
MT,2008-09,1737796,3267556,4458927
MT,2008-10,1941460,3190330,4833150
MT,2008-11,1963378,3633152,4952737
MT,2008-12,2006642,3725880,5099880
MT,2009-01,2030631,3766771,5189578
MT,2009-02,1860017,3719410,4755889
MT,2009-03,1937929,3795300,4870533
MT,2009-04,1181683,2583371,2533359
MT,2009-05,1051515,2164734,2175470
MT,2009-06,759606,1480603,1584250
MT,2009-07,1350879,3637570,2918023
MT,2009-08,1432570,3533889,3017378
MT,2009-09,1366822,3464147,2791048
MT,2009-10,1361950,3867965,2891958
MT,2009-11,1973701,4413532,4022937
MT,2009-12,1987256,4051415,3991550
MT,2010-01,1991823,3471398,4042437
MT,2010-02,1755479,3104554,3586380
MT,2010-03,1979913,4125246,4103513
MT,2010-04,1800077,3641252,3917725
MT,2010-05,1736748,2770209,3347655
MT,2010-06,1008415,1357341,1934885
MT,2010-07,1797481,3363600,3680362
MT,2010-08,1902664,3840266,3883651
MT,2010-09,1910455,3608904,3958793
MT,2010-10,1871477,3322201,3775539
MT,2010-11,1831746,3563851,3709627
MT,2010-12,1773098,3625107,3515307
MT,2011-01,1717351,3241768,3413177
MT,2011-02,1480343,2699901,3028969
MT,2011-03,1596370,2509749,3149100
MT,2011-04,782151,1275287,1565649
MT,2011-05,763176,1305082,1636443
MT,2011-06,605736,676981,1182248
MT,2011-07,1432619,2145882,2893511
MT,2011-08,1824162,3098088,3606616
MT,2011-09,1845658,3624360,3874986
MT,2011-10,2047902,3636455,4085055
MT,2011-11,1913683,3649952,4043824
MT,2011-12,1955318,3713656,3921636
MT,2012-01,1897391,3411023,3879215
MT,2012-02,1812619,2991660,3743266
MT,2012-03,1237814,1427617,2206235
MT,2012-04,716826,637914,1165674
MT,2012-05,427685,376709,643239
MT,2012-06,603461,572247,969730
MT,2012-07,1088195,1489498,2183733
MT,2012-08,1725642,2703986,3486717
MT,2012-09,1793669,2936805,3518861
MT,2012-10,1927523,2886652,3923712
MT,2012-11,1891455,2970190,3708449
MT,2012-12,1797501,2795709,3564023
MT,2013-01,1950262,3467425,3962430
MT,2013-02,1780179,3159054,3637630
MT,2013-03,1956297,3304562,3993268
MT,2013-04,1673339,2501799,3386189
MT,2013-05,1158530,1713813,2455489
MT,2013-06,1068947,1968460,2206796
MT,2013-07,1297387,2861572,2913587
MT,2013-08,1372920,2903360,3151843
MT,2013-09,1382858,2694184,3177925
MT,2013-10,1354156,2664517,3301704
MT,2013-11,1293230,2560079,3054274
MT,2013-12,1397801,2631846,3151386
MT,2014-01,1659912,2967858,3688604
MT,2014-02,1657019,2353628,3300343
MT,2014-03,1476834,1804216,2756555
MT,2014-04,1217237,1355113,2007809
MT,2014-05,917889,1113133,1664810
MT,2014-06,997000,1261330,2083483
MT,2014-07,1713895,2492836,3448784
MT,2014-08,1905762,3453984,4023209
MT,2014-09,1849034,2816933,3773939
MT,2014-10,1797671,2559416,3506227
MT,2014-11,1774868,2718852,3504235
MT,2014-12,1742111,2821497,3402790
MT,2015-01,1850792,2633045,3718313
MT,2015-02,1229474,1895045,2506175
MT,2015-03,1394236,1741628,2587701
MT,2015-04,1263481,1362791,2246832
MT,2015-05,1243026,1210906,2256275
MT,2015-06,1592042,1841453,2900701
MT,2015-07,1746054,1929800,3037990
MT,2015-08,1800672,2064246,3149270
MT,2015-09,1756739,1676147,2990066
MT,2015-10,1777152,1955072,3151447
MT,2015-11,1726771,1986462,3173652
MT,2015-12,1647424,1842924,3051881
MT,2016-01,1723594,1814668,3123781
MT,2016-02,1404983,1244908,2403724
MT,2016-03,1190005,926739,1881184
MT,2016-04,1011978,739150,1451571
MT,2016-05,591904,549130,1033620
MT,2016-06,997941,1038213,1954649
MT,2016-07,1691848,1897523,3005682
MT,2016-08,1779592,2147185,3002575
MT,2016-09,1724177,1901982,2821737
MT,2016-10,1634978,1986219,2673762
MT,2016-11,1534707,1775595,2681866
MT,2016-12,1571482,1920524,2790746
MT,2017-01,1618277,1935953,2895786
MT,2017-02,1421339,1590511,2501494
MT,2017-03,1076296,826850,1884524
MT,2017-04,905819,685204,1383446
MT,2017-05,844629,617156,1541605
MT,2017-06,771879,681735,1466574
MT,2017-07,796161,1123187,1426349
MT,2017-08,865703,1340777,1556839
MT,2017-09,720573,943752,1202005
MT,2017-10,634129,746945,936170
MT,2017-11,799010,914560,1350089
MT,2017-12,860746,1003483,1471325
MT,2018-01,804095,867419,1460620
MT,2018-02,661987,634948,1225306
MT,2018-03,736268,735111,1335414
WY,2001-01,4527949,12877586,15011605
WY,2001-02,4284230,14142869,14164442
WY,2001-03,4705061,15404824,15599554
WY,2001-04,3975421,12811209,13126985
WY,2001-05,3913465,13688489,13025779
WY,2001-06,4110250,14205974,13725986
WY,2001-07,4636966,15435806,15259019
WY,2001-08,4378264,14253310,14366500
WY,2001-09,3948965,13286933,12725343
WY,2001-10,4020509,13705505,12961135
WY,2001-11,4392449,14698094,14285959
WY,2001-12,4304091,14437972,14388347
WY,2002-01,4299761,13933269,14601553
WY,2002-02,3859669,11834660,12618883
WY,2002-03,4426621,14633147,14950858
WY,2002-04,3443258,11098346,11520459
WY,2002-05,3585035,12083715,12415253
WY,2002-06,3416546,12318535,11531054
WY,2002-07,4252387,14155087,14773541
WY,2002-08,4150840,13571179,14725848
WY,2002-09,4101847,13248159,14505484
WY,2002-10,4090721,13093192,14267028
WY,2002-11,4130351,13701416,14548727
WY,2002-12,4514151,15353789,15727945
WY,2003-01,4545301,15286427,15908269
WY,2003-02,3935122,13035628,13877044
WY,2003-03,4204786,14129536,14530930
WY,2003-04,3359057,12167281,11271568
WY,2003-05,3505973,11925761,11955171
WY,2003-06,3786911,13729194,13017603
WY,2003-07,4321271,14808114,15099010
WY,2003-08,4178812,14118904,14090633
WY,2003-09,3956950,12884628,13478120
WY,2003-10,4010378,12486876,13518668
WY,2003-11,4208936,13486527,14632556
WY,2003-12,4353281,14348918,15428940
WY,2004-01,4364405,14506544,15419825
WY,2004-02,4122007,14114665,14701734
WY,2004-03,4192752,14277348,14648053
WY,2004-04,3771470,12229551,13580876
WY,2004-05,3369983,11780871,12455167
WY,2004-06,4180104,14322577,15648553
WY,2004-07,4314980,13834054,15641719
WY,2004-08,4504574,14078587,16126010
WY,2004-09,4461317,14315368,16250282
WY,2004-10,4200081,14199820,16230071
WY,2004-11,4339867,14678493,16583396
WY,2004-12,4354417,16049293,16223294
WY,2005-01,4334814,14933824,15124420
WY,2005-02,3940786,13628720,14171601
WY,2005-03,4280149,14754221,15238297
WY,2005-04,3540473,12686618,12876202
WY,2005-05,3263349,11409893,11777535
WY,2005-06,4185281,14045891,14370040
WY,2005-07,4345828,14675011,14989886
WY,2005-08,4605224,15563251,16217414
WY,2005-09,4157741,14674909,14459738
WY,2005-10,4540802,15151362,15735383
WY,2005-11,4385820,16008951,15336194
WY,2005-12,4481825,15468987,15166292
WY,2006-01,4637132,15438172,16361722
WY,2006-02,4031141,14138377,13975752
WY,2006-03,4488738,15563025,15937659
WY,2006-04,3433045,11525311,10942473
WY,2006-05,3081294,10215860,9958940
WY,2006-06,3672531,12227721,12267020
WY,2006-07,4399335,13805721,14917485
WY,2006-08,4529403,14778118,15213723
WY,2006-09,4296597,13814880,14497985
WY,2006-10,4275957,14051757,14072410
WY,2006-11,4427123,14633708,14906720
WY,2006-12,4285678,14618631,14424914
WY,2007-01,4333661,14494882,14400106
WY,2007-02,3752724,12695503,12887547
WY,2007-03,3896881,12001369,12691488
WY,2007-04,3257123,11218812,10832419
WY,2007-05,3805845,13074046,11987620
WY,2007-06,4340141,13871657,13290070
WY,2007-07,4469848,14685720,13364419
WY,2007-08,4556866,14715233,13641821
WY,2007-09,4338486,13823065,13244369
WY,2007-10,4305344,13891378,12918800
WY,2007-11,4342126,14125448,13421517
WY,2007-12,4574172,14745690,14260352
WY,2008-01,4631356,15093813,14152740
WY,2008-02,4297243,14307841,13214563
WY,2008-03,4351325,14120995,13867595
WY,2008-04,3621015,12536683,10910343
WY,2008-05,3625624,12428354,10548623
WY,2008-06,3927221,13057392,11242628
WY,2008-07,4563774,14157843,13133568
WY,2008-08,4554580,13923434,13264364
WY,2008-09,4396817,13511391,12859422
WY,2008-10,4085210,12446025,11651804
WY,2008-11,4041465,13171402,11670552
WY,2008-12,4631402,15103633,13456065
WY,2009-01,4633130,14745306,13527745
WY,2009-02,4150826,13091571,11759273
WY,2009-03,4135898,12935374,11528540
WY,2009-04,2851948,9942634,7860460
WY,2009-05,2941574,10202793,8273338
WY,2009-06,3264230,11132471,8946917
WY,2009-07,4443068,13417423,12017365
WY,2009-08,4136106,12586892,11558256
WY,2009-09,4017499,11842744,10885204
WY,2009-10,4479708,12591410,12255357
WY,2009-11,4375629,12509908,11908407
WY,2009-12,4256519,12022553,11921583
WY,2010-01,4489862,13153007,12287228
WY,2010-02,4127895,12176431,11410943
WY,2010-03,4108783,11477134,11038334
WY,2010-04,3453371,9443885,8625561
WY,2010-05,3563656,9681952,8627968
WY,2010-06,3402143,9182754,8256179
WY,2010-07,4494586,11054344,10518292
WY,2010-08,4367349,10823259,10180830
WY,2010-09,4027029,10168135,9509536
WY,2010-10,4247601,10491676,9879387
WY,2010-11,4425031,10565634,10381349
WY,2010-12,4682636,11486643,11088538
WY,2011-01,4224527,10739371,10118211
WY,2011-02,3673579,9396588,8720324
WY,2011-03,3860196,9416104,9080456
WY,2011-04,3272598,8730811,7590996
WY,2011-05,3152811,7890075,7062468
WY,2011-06,3633484,8715757,8036758
WY,2011-07,3999777,9179657,8876906
WY,2011-08,4567151,9685407,9631399
WY,2011-09,4455791,8639112,8887795
WY,2011-10,4148647,8128319,8133383
WY,2011-11,4248104,10982619,9090922
WY,2011-12,4923799,8652190,10044686
WY,2012-01,4785486,8512558,9311376
WY,2012-02,4450008,8150698,8702492
WY,2012-03,3780008,6717359,7485323
WY,2012-04,2893104,4633839,5582698
WY,2012-05,3290164,4931727,6315311
WY,2012-06,3793801,5618045,6585919
WY,2012-07,4160824,6204640,7290924
WY,2012-08,4766320,7127289,8699646
WY,2012-09,4251035,6622400,7874511
WY,2012-10,4506093,6556458,8013000
WY,2012-11,4683344,6899296,8457350
WY,2012-12,4664968,6769593,8519033
WY,2013-01,4838405,7426520,9014372
WY,2013-02,4549956,7144425,8465903
WY,2013-03,4253651,6377144,7803785
WY,2013-04,3610965,5551478,6293682
WY,2013-05,3707940,5637053,6438499
WY,2013-06,4479475,6540198,7802732
WY,2013-07,4807409,7248929,8377094
WY,2013-08,4913707,7302136,8839579
WY,2013-09,4305060,6602421,7804671
WY,2013-10,4492457,7066361,7828913
WY,2013-11,4486560,6920842,7641487
WY,2013-12,4615207,7532673,8238488
WY,2014-01,4573401,7128187,8155621
WY,2014-02,4171945,6532081,7362197
WY,2014-03,4102370,5954899,6874114
WY,2014-04,3515116,4826279,5567354
WY,2014-05,3544649,5093771,5849465
WY,2014-06,3630374,5157768,5949008
WY,2014-07,4325433,6337288,7448253
WY,2014-08,4582323,6888407,7954668
WY,2014-09,4151258,6288399,7202298
WY,2014-10,4064945,6157934,6854394
WY,2014-11,3998962,6474604,6760714
WY,2014-12,4349612,7011833,7361473
WY,2015-01,4397574,7071674,7236924
WY,2015-02,3753616,5826286,6156695
WY,2015-03,4211096,6456404,7306527
WY,2015-04,3823373,5504718,6329741
WY,2015-05,3645395,5352110,5910880
WY,2015-06,4127695,5792445,7123795
WY,2015-07,4640931,6699695,7832118
WY,2015-08,4842991,6594591,8307602
WY,2015-09,3934326,5543767,7019464
WY,2015-10,4140442,6000451,7225587
WY,2015-11,4085453,5907092,7059271
WY,2015-12,4156360,6012245,6807764
WY,2016-01,4528004,6910096,7164038
WY,2016-02,3922588,5601276,5930657
WY,2016-03,3428671,4803129,5549459
WY,2016-04,2825139,3845490,4530941
WY,2016-05,2963195,4121601,4565373
WY,2016-06,3833973,5001826,5680901
WY,2016-07,4719192,6213802,7502054
WY,2016-08,4724484,6033783,7528228
WY,2016-09,3858504,5147104,6050412
WY,2016-10,3674475,4793449,5524474
WY,2016-11,3677579,5066885,5422353
WY,2016-12,4535330,6366652,6727868
WY,2017-01,4539842,6386339,6576353
WY,2017-02,3674782,5132442,5255736
WY,2017-03,3583512,4875809,5036206
WY,2017-04,2705090,3700995,3752944
WY,2017-05,3179591,4523491,4508661
WY,2017-06,3799790,5274226,5570605
WY,2017-07,2403935,3205035,3551321
WY,2017-08,2436075,3317161,3586949
WY,2017-09,2101869,2904063,3077830
WY,2017-10,1916706,2633025,2730404
WY,2017-11,1838725,2523278,2610313
WY,2017-12,2085418,3026491,3030894
WY,2018-01,2155260,2819135,3053916
WY,2018-02,1799720,2356535,2537464
WY,2018-03,1888705,2540377,2730452
UT,2001-01,2996576,5059198,11396586
UT,2001-02,2842808,4476299,10703914
UT,2001-03,2410360,4036151,9225665
UT,2001-04,2648432,3831837,10644077
UT,2001-05,3035959,4465316,11987297
UT,2001-06,3005702,4186452,12130581
UT,2001-07,3331204,5013949,13117484
UT,2001-08,3367793,4917816,13343850
UT,2001-09,3262932,4953043,12870770
UT,2001-10,3309766,5368590,13190923
UT,2001-11,3127726,4879805,12148809
UT,2001-12,3110028,5453063,12275186
UT,2002-01,3429081,5421983,13653091
UT,2002-02,2918491,5519054,11507432
UT,2002-03,2672569,6394968,10475949
UT,2002-04,2960318,5546116,11417434
UT,2002-05,3005612,5609352,11502037
UT,2002-06,3102437,5252780,11778797
UT,2002-07,3446559,5943740,13042983
UT,2002-08,3375473,5828527,12904998
UT,2002-09,3381357,6056695,12572056
UT,2002-10,3252144,3889154,12310667
UT,2002-11,2979068,3549791,10820545
UT,2002-12,3227722,5251369,11786665
UT,2003-01,3469307,5754434,12269289
UT,2003-02,2772654,5034855,10006097
UT,2003-03,2657334,5985141,9073673
UT,2003-04,3013066,5719413,10389534
UT,2003-05,3443391,5356540,11915814
UT,2003-06,3265108,5713451,11583947
UT,2003-07,3692286,5964768,13069220
UT,2003-08,3657290,5996810,13021329
UT,2003-09,3328015,5303658,12136376
UT,2003-10,3311517,6090249,11976863
UT,2003-11,3266803,5775929,11750511
UT,2003-12,3345619,6588696,12106202
UT,2004-01,3351391,6550410,12463147
UT,2004-02,2795036,5363659,10247981
UT,2004-03,2713977,5286938,9954827
UT,2004-04,2957040,4970744,10048460
UT,2004-05,3383526,5112153,11271269
UT,2004-06,3383189,5232980,11363464
UT,2004-07,3524853,5324720,11620034
UT,2004-08,3359317,5598152,11290453
UT,2004-09,3385635,5619254,11613589
UT,2004-10,3509091,5704428,11983973
UT,2004-11,3267211,5778737,10895842
UT,2004-12,3519874,5745655,11906295
UT,2005-01,3406778,5818117,11727548
UT,2005-02,2833776,5470033,9716376
UT,2005-03,2781719,5108101,8987437
UT,2005-04,2810728,4804098,8846950
UT,2005-05,3191428,4714320,10061320
UT,2005-06,3302218,5118392,10697664
UT,2005-07,3641522,5851646,11943452
UT,2005-08,3420866,6161147,11223843
UT,2005-09,3160589,5818927,10816574
UT,2005-10,3207227,6377493,11164844
UT,2005-11,3246220,6022798,11371928
UT,2005-12,3553786,6489324,12408222
UT,2006-01,3585036,6074352,12780483
UT,2006-02,3214553,7070401,11495556
UT,2006-03,3433040,6173219,12227874
UT,2006-04,2462017,5230492,8886661
UT,2006-05,3078002,6140540,11011755
UT,2006-06,3527884,6530492,12199495
UT,2006-07,3644843,8610988,12457455
UT,2006-08,3670921,9461078,12536163
UT,2006-09,3413008,5707723,11524279
UT,2006-10,3406665,3658665,11734360
UT,2006-11,3364380,4500401,11507663
UT,2006-12,3727051,4087777,12507457
UT,2007-01,3745784,4455549,12549538
UT,2007-02,3367241,3796713,11314940
UT,2007-03,3523016,3806053,12199833
UT,2007-04,2583065,3807564,8391928
UT,2007-05,3182096,3652634,10376314
UT,2007-06,3390564,3574729,10873991
UT,2007-07,3830526,3746542,12495583
UT,2007-08,3844075,3626494,12497577
UT,2007-09,3784155,3893158,12417369
UT,2007-10,3742716,4633580,12616480
UT,2007-11,3392603,3730567,10749228
UT,2007-12,3796534,4402203,12379314
UT,2008-01,3701343,4564546,12343641
UT,2008-02,3265866,3670381,10585958
UT,2008-03,3494772,2844658,11436378
UT,2008-04,2953063,2570904,9333855
UT,2008-05,3415764,3463904,11586451
UT,2008-06,3309259,3111502,10974137
UT,2008-07,3746073,3668612,12370114
UT,2008-08,3686211,3573409,11962429
UT,2008-09,3634133,3599013,12048995
UT,2008-10,3539685,3678501,11614177
UT,2008-11,3497019,3576223,11251966
UT,2008-12,3662442,4058475,11848145
UT,2009-01,3670629,3996356,11720934
UT,2009-02,3084234,3339075,9929052
UT,2009-03,3089645,3057806,9581715
UT,2009-04,2652286,2984484,8162567
UT,2009-05,3193045,3590941,10506147
UT,2009-06,2813816,2945441,9007528
UT,2009-07,3360499,3431249,10778863
UT,2009-08,3398590,3321989,10914314
UT,2009-09,3217373,3496973,10120382
UT,2009-10,3207478,3578162,10388655
UT,2009-11,3322108,3431913,10961593
UT,2009-12,3621318,3780649,12063699
UT,2010-01,3534439,3808425,11804058
UT,2010-02,3009690,3450375,10091916
UT,2010-03,3103482,3544605,10418438
UT,2010-04,3171855,3842074,11199792
UT,2010-05,3300422,4066594,11053035
UT,2010-06,3122392,3783554,10367646
UT,2010-07,3381092,3919779,11175952
UT,2010-08,3413706,3727671,11126458
UT,2010-09,3015950,3576318,10180061
UT,2010-10,2580533,3146556,8339314
UT,2010-11,2263583,2667608,7171450
UT,2010-12,3094886,3669049,9901084
UT,2011-01,3293603,3993982,10596874
UT,2011-02,2778192,3613139,9068262
UT,2011-03,2465270,3179173,7540262
UT,2011-04,2351294,3076495,6989638
UT,2011-05,2934893,3463643,8553046
UT,2011-06,2886334,3359006,8956150
UT,2011-07,3196751,3579706,9931538
UT,2011-08,3481149,3713080,11022156
UT,2011-09,3140346,3586143,9874431
UT,2011-10,3207045,3681364,10516123
UT,2011-11,2750161,3599430,9200938
UT,2011-12,3050758,3267032,9606122
UT,2012-01,2677256,3091518,7684780
UT,2012-02,2625467,3063180,7628616
UT,2012-03,2378465,2893972,6493628
UT,2012-04,2424090,2818595,6566513
UT,2012-05,2380072,2587518,6015041
UT,2012-06,2857054,3313133,7854986
UT,2012-07,3190491,3582502,8942180
UT,2012-08,3291937,3925667,9544758
UT,2012-09,3084893,4154259,9086573
UT,2012-10,3181973,3877918,9993524
UT,2012-11,2892148,3348211,9208341
UT,2012-12,2980232,3472855,8898770
UT,2013-01,3198963,3736396,9674952
UT,2013-02,2831634,2976080,8676747
UT,2013-03,3044218,3878296,9285721
UT,2013-04,2420138,3218729,6843468
UT,2013-05,3059766,3669441,10174622
UT,2013-06,3128653,3412753,10011289
UT,2013-07,3393394,3697076,10225870
UT,2013-08,3350325,3630240,9922224
UT,2013-09,3230788,3454327,9617395
UT,2013-10,3390253,3539652,10320553
UT,2013-11,3166929,3332264,9134677
UT,2013-12,3522795,3747589,10657451
UT,2014-01,3482728,4157372,10755435
UT,2014-02,2871434,3240880,8551565
UT,2014-03,2754607,3041405,7810971
UT,2014-04,2186741,2735640,5722602
UT,2014-05,2823024,3431771,7759599
UT,2014-06,3353463,3612884,9037773
UT,2014-07,3551810,3972257,9831768
UT,2014-08,3562953,4053239,9774527
UT,2014-09,3202232,3599762,8884681
UT,2014-10,2988903,3456244,8454392
UT,2014-11,3232379,3592812,9178714
UT,2014-12,3358605,3983553,9792256
UT,2015-01,3398161,4208579,9900928
UT,2015-02,2885477,3530466,8378306
UT,2015-03,2849590,3473912,7980949
UT,2015-04,2400027,2346777,6090559
UT,2015-05,2960053,2031023,7416437
UT,2015-06,3113331,2156821,7918285
UT,2015-07,3166430,2055851,8089548
UT,2015-08,3294832,1997805,8368408
UT,2015-09,3038427,1901830,7806249
UT,2015-10,2786900,1697015,7404157
UT,2015-11,2758711,1703243,6986061
UT,2015-12,3133080,2185069,7778474
UT,2016-01,3010150,1934064,7330901
UT,2016-02,2411054,1430073,5462213
UT,2016-03,1832003,986482,3785273
UT,2016-04,1615644,916467,3115203
UT,2016-05,1823870,1002119,3326233
UT,2016-06,2581495,1623523,5111135
UT,2016-07,2898043,1860626,6101909
UT,2016-08,2959306,1966790,6240198
UT,2016-09,2582314,1727536,5129940
UT,2016-10,2694011,1915488,5429395
UT,2016-11,2514283,1818306,5246181
UT,2016-12,2998308,2162894,6514917
UT,2017-01,3000439,2003095,6388013
UT,2017-02,2177300,1359346,4448300
UT,2017-03,1699181,1171797,3475754
UT,2017-04,1554929,1055396,3161359
UT,2017-05,2177011,1544663,4398211
UT,2017-06,2375820,1651467,4855124
UT,2017-07,1498141,989294,3098720
UT,2017-08,1467852,861244,2963280
UT,2017-09,1298380,791880,2734346
UT,2017-10,1334661,907129,3000763
UT,2017-11,1311445,817844,2857984
UT,2017-12,1408290,848817,2967815
UT,2018-01,1308949,771502,2688658
UT,2018-02,1097048,636132,2233914
UT,2018-03,1013954,580034,2001544
NV,2001-01,1978116,8669169,7793226
NV,2001-02,1936492,8284854,7123661
NV,2001-03,1893989,8371129,7024953
NV,2001-04,1310081,5689349,5576267
NV,2001-05,1986388,10056380,7530647
NV,2001-06,2063302,10427646,7879891
NV,2001-07,2138265,9800158,7940163
NV,2001-08,2253600,10721897,8133309
NV,2001-09,1932893,9257922,6779362
NV,2001-10,2149287,9697212,7692611
NV,2001-11,1965381,10217765,7437066
NV,2001-12,1912330,8178066,7612513
NV,2002-01,2127308,8840871,8378691
NV,2002-02,1896195,7841006,7133565
NV,2002-03,1920771,7383853,7065122
NV,2002-04,1370904,4546876,5627698
NV,2002-05,2000483,8884146,7666634
NV,2002-06,2058349,9318031,7847864
NV,2002-07,2287017,10137863,8436313
NV,2002-08,2114319,8483294,8009173
NV,2002-09,2025906,8190143,7479579
NV,2002-10,1939244,7388317,7238962
NV,2002-11,1901050,7938317,7193071
NV,2002-12,2147668,9520727,7665429
NV,2003-01,2087167,9596832,7778284
NV,2003-02,1595765,7320564,6175889
NV,2003-03,1727590,11428958,6525587
NV,2003-04,1416249,4454389,4498596
NV,2003-05,1247331,3606493,4759076
NV,2003-06,2122027,9191465,7387303
NV,2003-07,2387574,8890235,7512012
NV,2003-08,2156689,8353738,7140490
NV,2003-09,2098540,8656910,7333099
NV,2003-10,2180098,8230139,7459088
NV,2003-11,2127891,9609586,7431623
NV,2003-12,2146165,10086941,7758500
NV,2004-01,1843146,6997957,6099364
NV,2004-02,1900635,6889116,6487930
NV,2004-03,1987677,9161447,7050213
NV,2004-04,1470669,5235513,4577370
NV,2004-05,2117238,9728345,7108233
NV,2004-06,2384159,10062171,7619773
NV,2004-07,2339202,7711060,7030982
NV,2004-08,2706247,11262656,8622826
NV,2004-09,2519317,10824197,8216482
NV,2004-10,2351413,10566861,7222032
NV,2004-11,2589879,11498359,8177981
NV,2004-12,2297199,9184019,7347184
NV,2005-01,2404630,10100303,7665635
NV,2005-02,2007139,7050046,6072381
NV,2005-03,2173951,9381064,7135829
NV,2005-04,1606545,5400590,5014923
NV,2005-05,2064431,8822639,6999561
NV,2005-06,2369507,9700805,7699980
NV,2005-07,2593932,9718966,7955746
NV,2005-08,2642774,10802028,8069668
NV,2005-09,2391620,8603941,7180313
NV,2005-10,2409754,9260291,7639740
NV,2005-11,2259632,8542740,7081400
NV,2005-12,2462150,9296533,7969669
NV,2006-01,1435126,2004837,3782766
NV,2006-02,1339051,1796104,3324603
NV,2006-03,1268055,1593000,3025795
NV,2006-04,1008646,441694,2230421
NV,2006-05,1167287,606370,2689604
NV,2006-06,1489286,1036366,2946033
NV,2006-07,1753202,1789708,3330228
NV,2006-08,1873589,1761169,3857144
NV,2006-09,1650759,1965456,3494407
NV,2006-10,1485201,1878437,3574823
NV,2006-11,1426634,1826021,3920774
NV,2006-12,1510400,1769338,3792890
NV,2007-01,1513188,1077384,3286905
NV,2007-02,1385781,1500221,2782653
NV,2007-03,1461425,1917632,3032851
NV,2007-04,986890,1068556,1738852
NV,2007-05,1191471,1394284,2240845
NV,2007-06,1498903,1440047,3023618
NV,2007-07,1794533,1520291,3690465
NV,2007-08,1727963,1704795,3729644
NV,2007-09,1570505,1557761,3423964
NV,2007-10,1365948,1261743,3406899
NV,2007-11,1259002,1206954,3286495
NV,2007-12,1303022,1433104,3164507
NV,2008-01,1416994,1455902,3223476
NV,2008-02,1323018,1383012,3161138
NV,2008-03,1343769,4133082,2888007
NV,2008-04,1137602,720115,2102411
NV,2008-05,1261230,1157536,2270944
NV,2008-06,1421282,1222828,2386776
NV,2008-07,1914492,1464649,3036810
NV,2008-08,1959471,1568097,3332470
NV,2008-09,1730627,1384793,2869650
NV,2008-10,1475315,845857,2182926
NV,2008-11,1468695,1398964,2328819
NV,2008-12,1758939,1988269,2828314
NV,2009-01,1671019,1607821,2612360
NV,2009-02,1471964,1308567,2192150
NV,2009-03,1519628,1738318,1980714
NV,2009-04,1213735,952753,1638113
NV,2009-05,1519580,1068355,1874610
NV,2009-06,1441618,1013035,1668406
NV,2009-07,1895513,1376232,2498733
NV,2009-08,1818939,1183254,2219608
NV,2009-09,1553465,1251689,1616607
NV,2009-10,1410862,1343997,1909269
NV,2009-11,1484137,1422128,2145797
NV,2009-12,1679043,1560957,2671488
NV,2010-01,1604626,1321261,2267174
NV,2010-02,1451471,1353405,2127268
NV,2010-03,1375689,1383381,1901397
NV,2010-04,1298954,1223684,1518863
NV,2010-05,1209359,855344,1378528
NV,2010-06,1374798,970945,1481157
NV,2010-07,1920997,1702023,2419160
NV,2010-08,1711891,1609271,2182339
NV,2010-09,1509711,1454175,1807746
NV,2010-10,1278996,1211050,1539033
NV,2010-11,1129871,1165279,1173972
NV,2010-12,1323710,1533796,1826421
NV,2011-01,1153903,911619,1442241
NV,2011-02,1002284,970330,1117092
NV,2011-03,900893,609948,605634
NV,2011-04,845632,238223,506920
NV,2011-05,1036561,445044,940278
NV,2011-06,1303638,705668,1232493
NV,2011-07,1732288,1427360,1839673
NV,2011-08,1680762,925006,1721076
NV,2011-09,1483486,1286935,1507571
NV,2011-10,1313234,749278,1261590
NV,2011-11,1185005,1226009,1699439
NV,2011-12,1292299,1058770,1324630
NV,2012-01,1096154,377151,888798
NV,2012-02,859580,211494,463813
NV,2012-03,876135,209576,423305
NV,2012-04,770394,197925,379375
NV,2012-05,989510,528980,514993
NV,2012-06,1076269,314888,589119
NV,2012-07,1688069,1301570,1632337
NV,2012-08,1787283,1423498,1712157
NV,2012-09,1565085,996348,1424508
NV,2012-10,1430942,1074527,1287181
NV,2012-11,1244920,1399559,1247322
NV,2012-12,1348506,1353253,1105962
NV,2013-01,1388004,1534586,1317490
NV,2013-02,1170105,1213865,991714
NV,2013-03,1119717,1090920,1142620
NV,2013-04,933625,1147355,1107116
NV,2013-05,1122756,1154255,1155585
NV,2013-06,1573372,1518717,1693646
NV,2013-07,1841563,1431534,1880842
NV,2013-08,1718043,1940988,1860363
NV,2013-09,1326794,911632,1315623
NV,2013-10,1112930,775374,776787
NV,2013-11,1082201,1348837,949326
NV,2013-12,1407563,1404885,1605048
NV,2014-01,1347943,2148624,1872664
NV,2014-02,1354538,2773959,1891900
NV,2014-03,1109409,2086299,1483898
NV,2014-04,1123220,1758076,1670653
NV,2014-05,1238186,1711902,1860319
NV,2014-06,1484465,1747760,2004008
NV,2014-07,1866427,1921163,2325101
NV,2014-08,1711312,1539854,1904472
NV,2014-09,1465773,1563407,1314994
NV,2014-10,1374140,1550196,1311430
NV,2014-11,1159544,999745,1191650
NV,2014-12,1093983,1425286,785090
NV,2015-01,960407,1094875,558906
NV,2015-02,923238,845544,413557
NV,2015-03,956726,784787,478366
NV,2015-04,1002943,858628,458070
NV,2015-05,936402,84616,253916
NV,2015-06,1451475,672317,836913
NV,2015-07,1624126,1361449,1395650
NV,2015-08,1799770,1319782,1474288
NV,2015-09,1443192,1062830,847368
NV,2015-10,1250516,1046047,768951
NV,2015-11,1041351,787149,576504
NV,2015-12,1223443,764313,598392
NV,2016-01,1182071,754897,534195
NV,2016-02,991623,724729,502009
NV,2016-03,977255,238473,315605
NV,2016-04,917872,113017,386151
NV,2016-05,1027486,26887,281215
NV,2016-06,1367742,400834,731644
NV,2016-07,1682618,1241295,1377342
NV,2016-08,1704368,1245526,1398388
NV,2016-09,1230483,426457,760742
NV,2016-10,981701,144954,459436
NV,2016-11,942122,27100,201861
NV,2016-12,979777,25846,274333
NV,2017-01,1169772,173701,642983
NV,2017-02,935720,167020,487549
NV,2017-03,904718,79709,382257
NV,2017-04,726953,25249,236895
NV,2017-05,830391,47571,246281
NV,2017-06,1269991,414741,728654
NV,2017-07,810161,601480,640826
NV,2017-08,774641,468160,582279
NV,2017-09,597299,378762,375668
NV,2017-10,501700,16524,96200
NV,2017-11,429938,20969,93828
NV,2017-12,452330,18383,108448
NV,2018-01,447186,18942,118579
NV,2018-02,396139,15814,109785
NV,2018-03,441626,24960,141284
AZ,2001-01,4203215,12990160,16519048
AZ,2001-02,3731702,11669086,15222593
AZ,2001-03,3634793,12088041,15010102
AZ,2001-04,4433517,12751811,18023827
AZ,2001-05,4540148,12841244,17361037
AZ,2001-06,4289415,12584553,15893390
AZ,2001-07,4622170,12876031,16163447
AZ,2001-08,4632166,12527854,16310527
AZ,2001-09,4133335,11936407,14669629
AZ,2001-10,4530492,12518722,15368432
AZ,2001-11,3974898,10968063,13005376
AZ,2001-12,4008399,10902900,12785491
AZ,2002-01,4040793,11466087,13485448
AZ,2002-02,3468139,10084159,11298232
AZ,2002-03,3952129,9912973,13629455
AZ,2002-04,3906932,11383919,13282872
AZ,2002-05,4152671,11726725,14611257
AZ,2002-06,4176899,11597089,14457736
AZ,2002-07,4687231,12265473,14903305
AZ,2002-08,4868769,13361812,15247309
AZ,2002-09,4674292,12635035,15361747
AZ,2002-10,4315404,11203199,13863771
AZ,2002-11,4515828,12338904,14722294
AZ,2002-12,4742064,13410017,15012515
AZ,2003-01,4183239,13175414,14172776
AZ,2003-02,3619136,10871199,11980752
AZ,2003-03,3610861,10206629,11158520
AZ,2003-04,3665353,11035790,12133922
AZ,2003-05,4006500,11477722,13095767
AZ,2003-06,4520743,11831181,13983705
AZ,2003-07,5716320,13771589,16165721
AZ,2003-08,5551725,12033360,15395619
AZ,2003-09,5128429,11246307,14936262
AZ,2003-10,4791743,10719053,13970361
AZ,2003-11,4469315,10478807,13411871
AZ,2003-12,4726345,11945619,14808790
AZ,2004-01,4842710,11364128,14927843
AZ,2004-02,4108822,10016569,11562067
AZ,2004-03,4375728,11023085,12393043
AZ,2004-04,4305795,9077689,12355853
AZ,2004-05,4714609,8838242,13746020
AZ,2004-06,5208256,11385960,14997570
AZ,2004-07,5560178,11425843,15450293
AZ,2004-08,5481749,10832526,15248610
AZ,2004-09,4989276,9417519,14159102
AZ,2004-10,4593363,8838476,13670003
AZ,2004-11,4222954,7850132,12986706
AZ,2004-12,4843246,10677172,14666533
AZ,2005-01,4597550,10550092,14224519
AZ,2005-02,3472226,8231573,10310090
AZ,2005-03,3712870,8761608,11465128
AZ,2005-04,4489473,9284799,12677434
AZ,2005-05,4917103,9013569,13999229
AZ,2005-06,5034013,8786900,14105055
AZ,2005-07,6102366,9386108,15564341
AZ,2005-08,5859708,8893838,15130513
AZ,2005-09,5151804,8401055,13301419
AZ,2005-10,5170954,8366099,13542939
AZ,2005-11,4705518,7917049,13001717
AZ,2005-12,5065345,7934582,14256920
AZ,2006-01,4780389,7737447,13106906
AZ,2006-02,4111813,7561532,11601360
AZ,2006-03,4528860,7773373,12896195
AZ,2006-04,4321691,5330606,12327626
AZ,2006-05,4830993,6583830,13348514
AZ,2006-06,5359551,7556329,13632104
AZ,2006-07,6150626,8920632,15398791
AZ,2006-08,6148720,9507834,14498986
AZ,2006-09,5838318,9457909,13999761
AZ,2006-10,5612161,10331183,13438721
AZ,2006-11,4921271,8761595,13459695
AZ,2006-12,4826400,8801592,12686060
AZ,2007-01,4949677,8588242,13041909
AZ,2007-02,4446033,9109011,11482326
AZ,2007-03,4895397,9526678,14422831
AZ,2007-04,4817484,9681258,13533204
AZ,2007-05,5666242,10283990,15117954
AZ,2007-06,6132332,10205837,15283324
AZ,2007-07,6454656,9729206,15382406
AZ,2007-08,6689869,10125254,16235148
AZ,2007-09,5738691,8094987,13814434
AZ,2007-10,5359424,8989901,13110415
AZ,2007-11,5424242,9040858,13460089
AZ,2007-12,5793410,9596261,13977804
AZ,2008-01,5733774,9733743,14234005
AZ,2008-02,4594136,8573687,10574915
AZ,2008-03,4888820,9457954,12954212
AZ,2008-04,5117066,8303844,12500792
AZ,2008-05,5083940,7337592,12643803
AZ,2008-06,5885049,7242472,14003589
AZ,2008-07,6476935,7745281,14467508
AZ,2008-08,6641185,7476954,14494160
AZ,2008-09,6116753,7270133,13931847
AZ,2008-10,5804677,7813459,14121792
AZ,2008-11,4908765,7545806,11725519
AZ,2008-12,5042364,7730577,11398665
AZ,2009-01,4798712,7907085,12848919
AZ,2009-02,4150541,7552007,10114605
AZ,2009-03,3960112,6751843,10001776
AZ,2009-04,3807121,4046874,8475508
AZ,2009-05,5089524,4894025,10826275
AZ,2009-06,5008426,5518438,10838867
AZ,2009-07,6334367,5884714,12724259
AZ,2009-08,6383117,5921009,12252676
AZ,2009-09,5667448,5199488,10901613
AZ,2009-10,5134501,6087315,10260874
AZ,2009-11,4661962,5459710,10061465
AZ,2009-12,5399226,6737078,11909330
AZ,2010-01,4985050,6964217,11278966
AZ,2010-02,3913320,6227741,8469482
AZ,2010-03,4369606,5737964,8845369
AZ,2010-04,4210655,4944433,8290062
AZ,2010-05,4826930,6255134,10447241
AZ,2010-06,5355715,6419740,10500098
AZ,2010-07,6211587,6593430,10996303
AZ,2010-08,6205360,6079398,11106151
AZ,2010-09,5785904,6627245,10406479
AZ,2010-10,5152779,5723838,9912667
AZ,2010-11,4757559,5556119,10345630
AZ,2010-12,4953196,5765207,10448393
AZ,2011-01,4973485,6577606,10777515
AZ,2011-02,4014736,6100223,8153630
AZ,2011-03,3836997,6455882,8032722
AZ,2011-04,3987805,4843623,7593919
AZ,2011-05,4156316,4802664,8243331
AZ,2011-06,5061022,5389840,9200418
AZ,2011-07,5881368,5637807,10139239
AZ,2011-08,6464402,5944807,10863629
AZ,2011-09,5589447,5403848,10034364
AZ,2011-10,5129399,4493425,9355718
AZ,2011-11,4801993,4647680,9149627
AZ,2011-12,4793898,4562730,9361361
AZ,2012-01,4931585,4143871,8843839
AZ,2012-02,4297188,3311006,7109424
AZ,2012-03,4138173,2790227,6901415
AZ,2012-04,4161558,2299815,6901860
AZ,2012-05,4638195,2946160,7495884
AZ,2012-06,5255678,2848278,8033654
AZ,2012-07,5692098,3651277,8908802
AZ,2012-08,6179157,3201776,9455547
AZ,2012-09,5262872,3317967,8536205
AZ,2012-10,5209847,3549150,8401350
AZ,2012-11,4140197,3817754,7396917
AZ,2012-12,4453108,4177060,8290509
AZ,2013-01,4804606,4144347,8536898
AZ,2013-02,3616160,3700447,6437461
AZ,2013-03,4085960,3534203,7456271
AZ,2013-04,4609448,3998269,8322384
AZ,2013-05,4940088,4416556,9104488
AZ,2013-06,5767242,3926260,9346506
AZ,2013-07,6460562,4212189,9743152
AZ,2013-08,6466525,4225902,9817906
AZ,2013-09,5796400,4162562,9100830
AZ,2013-10,5004227,3890239,8833588
AZ,2013-11,4473377,3338888,7659137
AZ,2013-12,5366908,3833884,9149552
AZ,2014-01,5012197,3456558,9079458
AZ,2014-02,3933397,3792561,7178977
AZ,2014-03,4065562,3703247,7323943
AZ,2014-04,3957728,3390275,6660764
AZ,2014-05,4682479,3509966,7397417
AZ,2014-06,5520894,3962047,8351659
AZ,2014-07,6538388,4382757,9464088
AZ,2014-08,6378361,4091720,9134432
AZ,2014-09,5996576,4090489,8963630
AZ,2014-10,5270705,3553267,8340413
AZ,2014-11,4474153,3537497,7402530
AZ,2014-12,4497461,3658601,7526775
AZ,2015-01,4271323,3493838,6779071
AZ,2015-02,3112093,2195224,4635568
AZ,2015-03,3743688,2876936,6012364
AZ,2015-04,3709908,2333208,5134617
AZ,2015-05,4501435,2913636,6934458
AZ,2015-06,5681923,2879457,7673190
AZ,2015-07,6365821,3702399,8566885
AZ,2015-08,6343390,3553047,8587390
AZ,2015-09,5628836,3321132,7460536
AZ,2015-10,5134653,2939084,6807155
AZ,2015-11,4027823,2324221,5261360
AZ,2015-12,4288158,2710996,5897239
AZ,2016-01,4040065,2650057,5462684
AZ,2016-02,3047916,1783233,4040829
AZ,2016-03,2762863,1384862,3584766
AZ,2016-04,3065550,1385129,3929227
AZ,2016-05,3873194,1823945,4760846
AZ,2016-06,5051355,2245198,6076575
AZ,2016-07,5806624,2540177,7231605
AZ,2016-08,5891113,2836731,7411622
AZ,2016-09,5152136,2619805,6386976
AZ,2016-10,4579195,2275698,6438923
AZ,2016-11,3291055,1894761,4615411
AZ,2016-12,4046779,2368304,6437764
AZ,2017-01,3866663,2391406,6080971
AZ,2017-02,3188902,2071275,4839038
AZ,2017-03,2889701,1652289,3921148
AZ,2017-04,2976380,1360040,4063839
AZ,2017-05,3796004,1628197,5244825
AZ,2017-06,4718158,1744015,5937095
AZ,2017-07,2925272,1388220,3626784
AZ,2017-08,2751708,1406063,3473834
AZ,2017-09,2432297,1345081,3074198
AZ,2017-10,2200951,1247576,3125849
AZ,2017-11,2013106,1313477,2917330
AZ,2017-12,1905069,1235634,2352292
AZ,2018-01,1933168,1429840,2598214
AZ,2018-02,1714381,1265868,2365338
AZ,2018-03,1700480,1354970,2303587
NM,2001-01,3201005,12901399,15305744
NM,2001-02,2862653,11334561,13639249
NM,2001-03,2687225,9741070,12296599
NM,2001-04,2592293,8463105,11876562
NM,2001-05,3260312,11975941,14870045
NM,2001-06,3195245,10660886,14896503
NM,2001-07,3477191,11617351,15845705
NM,2001-08,3013545,10344093,13982371
NM,2001-09,2824750,9887856,12877539
NM,2001-10,2953746,10495126,13928660
NM,2001-11,2675460,8055693,12750197
NM,2001-12,3073330,8911542,14411826
NM,2002-01,2596093,7626657,12271063
NM,2002-02,2328420,6858694,10978878
NM,2002-03,2751066,8744547,13115226
NM,2002-04,2788996,8361120,12700632
NM,2002-05,2930033,8261106,13272750
NM,2002-06,3071171,9113463,14281767
NM,2002-07,3071707,9691969,14242492
NM,2002-08,3061971,9355370,14103735
NM,2002-09,2824916,8477316,13693711
NM,2002-10,2763534,9146263,13543660
NM,2002-11,2605129,8608072,12408147
NM,2002-12,2584673,7383442,12112595
NM,2003-01,2896499,8838508,13263020
NM,2003-02,2466427,7917600,11752653
NM,2003-03,2653092,8763153,12694818
NM,2003-04,2674915,8518202,12826542
NM,2003-05,2869464,9157796,13466478
NM,2003-06,2883970,8948414,13423451
NM,2003-07,3127607,9164658,14766859
NM,2003-08,3149227,9157781,14972885
NM,2003-09,2419497,7231939,11398079
NM,2003-10,2419768,7522085,11655745
NM,2003-11,2362564,7468560,11369210
NM,2003-12,2750797,8986432,12828639
NM,2004-01,2598035,8083593,11870461
NM,2004-02,2290485,6851840,10531067
NM,2004-03,2334642,6224101,10739105
NM,2004-04,2229980,6218723,10273423
NM,2004-05,2811838,7434898,12615768
NM,2004-06,2968079,7239182,13577839
NM,2004-07,3012147,6779507,13702834
NM,2004-08,3038241,5909415,14050693
NM,2004-09,2755224,4881064,12642164
NM,2004-10,2756458,5329426,12912979
NM,2004-11,2765085,5849653,12450657
NM,2004-12,2859622,5912727,12997957
NM,2005-01,2795065,5691591,12699623
NM,2005-02,2739073,5934139,12056490
NM,2005-03,2664165,5999759,11366146
NM,2005-04,2467092,4675316,11157098
NM,2005-05,2645664,4805192,11821730
NM,2005-06,2963037,4629568,13254326
NM,2005-07,2965051,4623155,13127371
NM,2005-08,3095292,4861188,13843341
NM,2005-09,2960854,4797412,13400846
NM,2005-10,3004694,4995699,13593906
NM,2005-11,2636711,4859152,11949536
NM,2005-12,2778329,5176991,12598049
NM,2006-01,2950566,5192154,13301781
NM,2006-02,2306042,4439009,10766673
NM,2006-03,2728028,4905969,12531177
NM,2006-04,2483217,3890297,11554225
NM,2006-05,2910653,4150435,13151753
NM,2006-06,2827784,4631609,12739530
NM,2006-07,3356100,4621352,14929419
NM,2006-08,3365662,5569106,15048229
NM,2006-09,2877025,7998669,13274160
NM,2006-10,2854087,4758543,13195620
NM,2006-11,2724992,5318923,12637905
NM,2006-12,2998306,6836879,13408267
NM,2007-01,2961247,6365762,13213651
NM,2007-02,2358129,4062054,10531417
NM,2007-03,2479141,4346594,11193303
NM,2007-04,2305196,4252856,10271247
NM,2007-05,2466033,3922487,10870106
NM,2007-06,2602840,3726150,11140250
NM,2007-07,3159418,4469740,13786208
NM,2007-08,3134769,5201952,13529657
NM,2007-09,2885440,3865908,12885506
NM,2007-10,2774154,3515576,12507817
NM,2007-11,2611269,4627053,11895541
NM,2007-12,2551765,4972293,11165048
NM,2008-01,2493914,5169720,10562368
NM,2008-02,2164424,4328511,9718014
NM,2008-03,1949638,5660590,10914082
NM,2008-04,2405864,2688138,9623964
NM,2008-05,2687358,2640931,10966307
NM,2008-06,3079148,3298921,12314233
NM,2008-07,3274524,3767567,13205943
NM,2008-08,3203962,4185946,12982895
NM,2008-09,2698507,3327412,11446860
NM,2008-10,2896120,2933874,11934675
NM,2008-11,2923504,2955739,12012878
NM,2008-12,3168941,3519772,12506679
NM,2009-01,3023692,3534367,11588683
NM,2009-02,2406429,2901058,9070173
NM,2009-03,2654293,3185743,9803631
NM,2009-04,2889513,3020056,10733498
NM,2009-05,3047837,2750532,11330330
NM,2009-06,3087170,3141506,11149880
NM,2009-07,3255758,3096888,11526569
NM,2009-08,3482149,3114852,12712174
NM,2009-09,3004046,2928457,10829749
NM,2009-10,2909181,3247193,10843521
NM,2009-11,3085901,3798388,11665044
NM,2009-12,3194185,3877500,11977441
NM,2010-01,2707468,2654677,9786993
NM,2010-02,2084931,2052385,7670784
NM,2010-03,2213867,2113625,8081986
NM,2010-04,2160905,2422731,7937263
NM,2010-05,2727042,2844375,10301124
NM,2010-06,2945253,2510653,10708042
NM,2010-07,2996276,2671022,10615416
NM,2010-08,3008805,2457451,10430474
NM,2010-09,3243002,2860491,12138437
NM,2010-10,3024917,3362524,11604744
NM,2010-11,2744033,3557257,10949835
NM,2010-12,2812437,3627366,10291881
NM,2011-01,2947157,3842920,10867941
NM,2011-02,2432987,2916669,8891809
NM,2011-03,2887194,3158721,10855244
NM,2011-04,2524717,2729269,9277074
NM,2011-05,2473630,2269463,9315470
NM,2011-06,2952443,2905200,10820300
NM,2011-07,3213640,3083263,11912408
NM,2011-08,3245241,2889899,11666848
NM,2011-09,3168158,2916137,11863599
NM,2011-10,2542104,2867894,9115586
NM,2011-11,2456637,2705413,8454176
NM,2011-12,3058649,3356840,11353852
NM,2012-01,2850603,3275059,10846320
NM,2012-02,2469395,2828475,9228879
NM,2012-03,2183219,2135709,7625862
NM,2012-04,1817445,1679429,5824096
NM,2012-05,2592777,2337033,9003692
NM,2012-06,2977844,2505594,10865662
NM,2012-07,3324311,2905468,11834072
NM,2012-08,3109658,3104470,11072547
NM,2012-09,3274739,3320105,12685248
NM,2012-10,2811103,3460502,12006480
NM,2012-11,2652035,3267909,10736203
NM,2012-12,2937668,3505602,11277005
NM,2013-01,3173592,4110100,12271235
NM,2013-02,2674423,3303490,10414674
NM,2013-03,2855376,3529383,11036371
NM,2013-04,2285603,2712955,8432075
NM,2013-05,2763696,3771891,10370760
NM,2013-06,2997099,3281300,11290628
NM,2013-07,3130949,3596617,11338880
NM,2013-08,2996483,2859075,10554184
NM,2013-09,2729863,2966432,9451828
NM,2013-10,2706135,3311303,10133865
NM,2013-11,2891529,3288902,10906860
NM,2013-12,2363026,2702535,7677187
NM,2014-01,1973966,2116141,6210655
NM,2014-02,2359919,2610861,8509150
NM,2014-03,2382935,2134716,8165012
NM,2014-04,2392930,2397741,8199159
NM,2014-05,2409533,2496548,7673262
NM,2014-06,2428619,2276383,7657284
NM,2014-07,2940671,2584105,9680811
NM,2014-08,2523544,2006879,8232956
NM,2014-09,2441150,2325753,8259505
NM,2014-10,2141804,2020421,7027827
NM,2014-11,2054363,1929312,6764939
NM,2014-12,2790480,2659323,9922847
NM,2015-01,2261102,2018582,7529516
NM,2015-02,2069964,1756069,6986566
NM,2015-03,2145275,2352815,7562582
NM,2015-04,2282819,2436786,8367638
NM,2015-05,2426645,2172253,8500409
NM,2015-06,2557514,2218828,8610533
NM,2015-07,2843852,2578465,9749219
NM,2015-08,2819376,2325996,9132953
NM,2015-09,2417377,2164146,7794011
NM,2015-10,2467077,2363998,9213256
NM,2015-11,2302843,2277622,8169277
NM,2015-12,2423712,1982706,8066027
NM,2016-01,2333829,1777808,7298162
NM,2016-02,1667690,1182401,4809247
NM,2016-03,1669610,921963,4323840
NM,2016-04,1235971,476408,2589194
NM,2016-05,1829108,1215584,4618163
NM,2016-06,2699396,1903742,8489975
NM,2016-07,2754436,1626468,8334936
NM,2016-08,2164125,1088906,5607913
NM,2016-09,1872354,1034171,5054714
NM,2016-10,2684890,1895340,8117188
NM,2016-11,2354902,1665889,7494737
NM,2016-12,2531533,1727100,8149786
NM,2017-01,2519418,2086462,7884044
NM,2017-02,1971228,1497580,5665857
NM,2017-03,2393296,1668161,7150084
NM,2017-04,1925163,1335148,5304720
NM,2017-05,1645352,1319096,4124401
NM,2017-06,2268955,1349985,5974883
NM,2017-07,1280465,777727,3593986
NM,2017-08,1427682,869738,4660131
NM,2017-09,991900,512088,2645330
NM,2017-10,1027748,1228783,2648915
NM,2017-11,999345,580887,2869665
NM,2017-12,893160,432427,2338626
NM,2018-01,652486,306875,1636861
NM,2018-02,512930,193679,925531
NM,2018-03,678928,270112,1618566
CO,2001-01,4057635,16077822,13337627
CO,2001-02,3552266,14792746,11694529
CO,2001-03,3599698,15357154,11864084
CO,2001-04,3448533,15099039,11024769
CO,2001-05,3960142,16357656,12463847
CO,2001-06,3833294,15666182,11801561
CO,2001-07,4072466,16068430,12887784
CO,2001-08,4034180,15649403,12792667
CO,2001-09,3499631,13246806,11054396
CO,2001-10,3285226,11695272,10312476
CO,2001-11,3587304,14950817,11768368
CO,2001-12,3908273,15823371,12456846
CO,2002-01,3911014,16046977,12399754
CO,2002-02,3299469,13663451,10990695
CO,2002-03,3309956,11998241,10980216
CO,2002-04,3344022,13042659,11143445
CO,2002-05,3722690,15076433,12380745
CO,2002-06,3835902,15447017,12699092
CO,2002-07,4171058,15807555,13318724
CO,2002-08,3981353,15956699,12747636
CO,2002-09,3556952,13213292,11175964
CO,2002-10,3779322,14556346,12113882
CO,2002-11,3642211,15378948,12286000
CO,2002-12,3962380,15242006,13091491
CO,2003-01,3853429,12344953,12904730
CO,2003-02,3428861,12271640,11536193
CO,2003-03,3569242,12937240,12154228
CO,2003-04,3472396,11927770,11637381
CO,2003-05,3657222,12503545,11213892
CO,2003-06,3722153,12428425,11596102
CO,2003-07,4426747,14011486,13665951
CO,2003-08,4286709,13203574,13088874
CO,2003-09,3571081,10285983,10988719
CO,2003-10,3656554,11353188,11306431
CO,2003-11,3781483,11535321,11414637
CO,2003-12,4084925,11452389,12197563
CO,2004-01,4015811,10555055,12283389
CO,2004-02,3729815,10858444,11523007
CO,2004-03,3675409,11007460,10859031
CO,2004-04,3327612,8997614,9532254
CO,2004-05,3598390,9532706,10484689
CO,2004-06,3652373,9561632,10907742
CO,2004-07,4169067,10325999,11707788
CO,2004-08,4211920,11550611,12144157
CO,2004-09,3655084,9382363,10178778
CO,2004-10,3611435,9301613,10104177
CO,2004-11,3668790,8844840,9945403
CO,2004-12,4194885,11122185,12146251
CO,2005-01,4057569,11063555,11680299
CO,2005-02,3595987,9342900,10522599
CO,2005-03,4036883,11011205,12553963
CO,2005-04,3623473,8207958,11380284
CO,2005-05,3887456,9470002,11924847
CO,2005-06,3794762,10556734,11545439
CO,2005-07,4226879,10054869,11454662
CO,2005-08,4182469,11079715,12377750
CO,2005-09,3668232,9306696,10619240
CO,2005-10,3344126,8599344,9380085
CO,2005-11,3625596,9344506,10168835
CO,2005-12,4096597,10648604,11662816
CO,2006-01,3825005,9779532,10613910
CO,2006-02,3254259,9205421,8975202
CO,2006-03,3827692,9952067,10662441
CO,2006-04,3553367,9692909,10200381
CO,2006-05,3907238,9826943,11334341
CO,2006-06,4106049,10561150,11324555
CO,2006-07,4412059,11287772,12069893
CO,2006-08,4167332,10246048,11570055
CO,2006-09,3817330,9853889,10925110
CO,2006-10,3700482,8747779,9934730
CO,2006-11,3928247,10451492,10890525
CO,2006-12,4173214,10836094,11651007
CO,2007-01,4245285,11276444,11981209
CO,2007-02,3762823,9634833,10633348
CO,2007-03,3692346,10292189,10729414
CO,2007-04,3570857,9113756,10116453
CO,2007-05,3830789,10420375,11015834
CO,2007-06,4079252,10493318,11345198
CO,2007-07,4499626,12158848,12133588
CO,2007-08,4428756,11364900,11976855
CO,2007-09,3669167,8138305,9732558
CO,2007-10,3727462,8620754,9910079
CO,2007-11,3735724,9072615,10118681
CO,2007-12,4112398,11606779,10995813
CO,2008-01,4157020,10751818,11773495
CO,2008-02,3901981,10197333,10978141
CO,2008-03,3679062,8445458,9483527
CO,2008-04,3201599,8734798,8572359
CO,2008-05,3538344,9200264,9922012
CO,2008-06,3817095,10830040,10712050
CO,2008-07,4360910,11557873,12565307
CO,2008-08,4327978,10298300,11743759
CO,2008-09,3551514,7578603,9621788
CO,2008-10,3446869,7777421,9471177
CO,2008-11,3483427,7939258,9017851
CO,2008-12,4032497,10144024,10761329
CO,2009-01,3750057,8226003,9874965
CO,2009-02,3075700,6595794,7400515
CO,2009-03,3341952,5248672,7650162
CO,2009-04,2881231,4783306,6204807
CO,2009-05,3163056,6252208,7947597
CO,2009-06,3373965,6629180,8005360
CO,2009-07,3977662,7519048,9571663
CO,2009-08,4128088,8243009,10515361
CO,2009-09,3611644,6875621,9612054
CO,2009-10,3717698,9345540,10098456
CO,2009-11,3587074,8650892,9556710
CO,2009-12,4044852,9316981,10508756
CO,2010-01,4011264,8106071,10839884
CO,2010-02,3631114,7144513,9774657
CO,2010-03,3422978,6560147,8337880
CO,2010-04,3237838,7254554,8056040
CO,2010-05,3532151,6387915,8675820
CO,2010-06,3749909,8248577,9118683
CO,2010-07,4337179,7852048,10051285
CO,2010-08,4383970,8971266,10063344
CO,2010-09,3716414,6985673,8602216
CO,2010-10,3400931,6867116,7690082
CO,2010-11,3646713,7806867,8579076
CO,2010-12,4042236,9548597,9963447
CO,2011-01,4132046,8519220,9734641
CO,2011-02,3680983,6896955,8265763
CO,2011-03,3541475,8109535,8361694
CO,2011-04,2821390,4846252,6593224
CO,2011-05,3016257,4920174,6764305
CO,2011-06,3292519,7321835,7525418
CO,2011-07,4151881,8256096,9565731
CO,2011-08,4495907,9357747,10368798
CO,2011-09,3528373,7542416,8588771
CO,2011-10,3400307,7196182,8401247
CO,2011-11,3386573,6351852,8272623
CO,2011-12,3704770,7339174,8345412
CO,2012-01,3548644,7265970,8295984
CO,2012-02,3412102,6828048,7296045
CO,2012-03,3306692,6214600,6931930
CO,2012-04,3011527,5283304,5697221
CO,2012-05,3188542,4837941,6231786
CO,2012-06,3818827,6771002,7397052
CO,2012-07,4425957,8109789,8884113
CO,2012-08,4097871,6714037,8382520
CO,2012-09,3512527,6207057,7108095
CO,2012-10,3608296,6499461,7490444
CO,2012-11,3443143,6800026,7886263
CO,2012-12,3866482,7347727,8144294
CO,2013-01,3921793,7240654,8240875
CO,2013-02,3385761,5671864,7078156
CO,2013-03,3369108,6105993,6858368
CO,2013-04,3324302,6571021,6915433
CO,2013-05,3407603,5118326,6978323
CO,2013-06,3645091,5476505,7802916
CO,2013-07,4134370,7291897,8349684
CO,2013-08,4287682,7708462,8703613
CO,2013-09,3319675,6223224,7284184
CO,2013-10,3204368,6059073,6550163
CO,2013-11,3413677,6437301,7130735
CO,2013-12,3877487,6828292,7777761
CO,2014-01,3893465,6572248,7690824
CO,2014-02,3652329,6496158,7385477
CO,2014-03,3146041,3547991,6492497
CO,2014-04,3035551,3425744,6207183
CO,2014-05,3256090,3218584,6528979
CO,2014-06,3468205,4662232,6711709
CO,2014-07,4323889,6304171,8044909
CO,2014-08,4148988,5155456,7538767
CO,2014-09,3500260,4073149,6682129
CO,2014-10,3235549,2909917,6025559
CO,2014-11,3168017,3206136,5490807
CO,2014-12,3643671,4354043,6630656
CO,2015-01,3738728,4371296,6952640
CO,2015-02,3389703,3798740,6114835
CO,2015-03,3427351,3771280,6071906
CO,2015-04,2907710,3131727,4698636
CO,2015-05,3193600,3779062,5577647
CO,2015-06,3786823,4218574,6477244
CO,2015-07,4056390,4292195,6777880
CO,2015-08,4086886,4303592,7011480
CO,2015-09,3549754,3717632,6118430
CO,2015-10,2936357,3247617,4622497
CO,2015-11,3149101,3154653,4988118
CO,2015-12,3846647,4028362,5933794
CO,2016-01,3645134,3831857,5803439
CO,2016-02,2887643,2809432,4586188
CO,2016-03,2814297,2672832,4540513
CO,2016-04,2711461,2576631,4340664
CO,2016-05,2915298,2792596,4623046
CO,2016-06,3634765,3358591,5213946
CO,2016-07,4109627,3999413,5792872
CO,2016-08,3939224,3952493,5518243
CO,2016-09,3178794,3313819,4568945
CO,2016-10,3043500,2383070,3963412
CO,2016-11,3202506,2826146,4616612
CO,2016-12,3789796,3663485,5444842
CO,2017-01,3735238,3688797,5499338
CO,2017-02,3095905,2935315,4403655
CO,2017-03,3107324,2866245,4091674
CO,2017-04,2564781,1995078,3372221
CO,2017-05,2984999,2701750,4156970
CO,2017-06,3511801,2602232,4592077
CO,2017-07,2021107,1413368,2579899
CO,2017-08,1821879,1233563,2252470
CO,2017-09,1627264,1059696,1961637
CO,2017-10,1444333,947437,1812962
CO,2017-11,1524420,1037189,1734962
CO,2017-12,1655793,1015981,1782407
CO,2018-01,1590063,944324,1498507
CO,2018-02,1444941,785624,1453002
CO,2018-03,1385934,846194,1302293
TX,2001-01,19206927,95340645,55497203
TX,2001-02,15866438,80750997,44675207
TX,2001-03,17408098,87400974,48475382
TX,2001-04,16971588,82697166,49277180
TX,2001-05,19736848,90502108,54654712
TX,2001-06,21847512,97151756,59231482
TX,2001-07,25330993,101377692,68050623
TX,2001-08,25280212,106188100,67918949
TX,2001-09,20118782,91216912,51527718
TX,2001-10,17154474,75975337,41664725
TX,2001-11,16129999,81053851,39225165
TX,2001-12,18156470,93251899,41956032
TX,2002-01,19142413,95003540,44660166
TX,2002-02,17036268,83605834,38426593
TX,2002-03,17233409,84088799,37735261
TX,2002-04,17848793,84445510,39558399
TX,2002-05,20510206,96327906,44070900
TX,2002-06,22960616,103033194,47865560
TX,2002-07,24763086,105406422,50556543
TX,2002-08,25463836,108703470,52739536
TX,2002-09,21879265,97604977,44001271
TX,2002-10,19112733,87434100,36844628
TX,2002-11,17687060,80571798,32838901
TX,2002-12,19573717,98813820,38444553
TX,2003-01,21125310,106141603,41491322
TX,2003-02,18343188,80097022,34784861
TX,2003-03,18023063,73439502,31285123
TX,2003-04,18541926,86159223,29697776
TX,2003-05,22590282,92765156,38092509
TX,2003-06,23608384,103103889,37353255
TX,2003-07,25191481,109475965,41461528
TX,2003-08,25362158,110305606,41798958
TX,2003-09,20939544,105604432,34137262
TX,2003-10,19573369,101395352,32050034
TX,2003-11,18235664,85277342,30332422
TX,2003-12,19074532,101645338,30378362
TX,2004-01,19888211,89371547,32204953
TX,2004-02,18485134,83700379,29237195
TX,2004-03,17260909,72228971,24552920
TX,2004-04,17883867,77345306,26634289
TX,2004-05,21306750,93401100,31220661
TX,2004-06,22248462,92494147,32218395
TX,2004-07,24793161,98965287,35627583
TX,2004-08,24629086,100225975,35333679
TX,2004-09,22507247,92568872,32738598
TX,2004-10,20625274,81448104,30741657
TX,2004-11,17754956,73607712,26713545
TX,2004-12,20814038,93376862,31744190
TX,2005-01,20768685,94905584,31660637
TX,2005-02,17831400,83136819,26263634
TX,2005-03,18234360,83172391,25892010
TX,2005-04,17346668,77019467,23020037
TX,2005-05,21428712,87711947,30375529
TX,2005-06,24238507,93485399,32864707
TX,2005-07,25561984,95050667,33894140
TX,2005-08,25973569,94296349,34881987
TX,2005-09,23512033,90439640,31404895
TX,2005-10,20377692,87515609,26983035
TX,2005-11,19342490,85899014,27830664
TX,2005-12,20769389,97427142,29456808
TX,2006-01,19581214,93550909,26813227
TX,2006-02,17494301,83737613,23328143
TX,2006-03,17932524,79512805,23695039
TX,2006-04,18677601,69092290,24734495
TX,2006-05,21912019,82531820,28560693
TX,2006-06,23954361,88100929,31846316
TX,2006-07,26287122,96569738,35119524
TX,2006-08,27269665,97279113,36153929
TX,2006-09,22604364,92855428,29680652
TX,2006-10,21006799,87347665,28023371
TX,2006-11,18269019,79902007,25722874
TX,2006-12,20120041,89567985,26929745
TX,2007-01,22024339,90649095,28686435
TX,2007-02,18322981,76031505,22733578
TX,2007-03,18244940,76838970,21085011
TX,2007-04,19093009,73072162,24718110
TX,2007-05,21254701,75172858,27317030
TX,2007-06,23457548,87062895,28518261
TX,2007-07,24818626,89683451,30110233
TX,2007-08,26658087,92936502,33288079
TX,2007-09,23088334,86435357,27155214
TX,2007-10,21270013,82600277,26806079
TX,2007-11,19855240,80402720,25194710
TX,2007-12,21293441,86062217,26805173
TX,2008-01,22021506,87685000,27923872
TX,2008-02,18925609,76709071,22400478
TX,2008-03,18744422,68498579,22856819
TX,2008-04,20497369,71221097,23753514
TX,2008-05,23216442,79503661,26779897
TX,2008-06,25855123,83780997,30549628
TX,2008-07,27422049,93407453,32992732
TX,2008-08,27076290,94548648,32870972
TX,2008-09,21945516,84595852,26980074
TX,2008-10,20673511,77631635,24239503
TX,2008-11,17959859,71168502,23047545
TX,2008-12,19915670,79777831,25008108
TX,2009-01,19661504,78651633,24050230
TX,2009-02,15969469,68537940,18403261
TX,2009-03,16734164,63984568,18797384
TX,2009-04,15076388,57569894,17285942
TX,2009-05,20500022,70266217,24021024
TX,2009-06,23692824,80330702,28575829
TX,2009-07,25806769,87064445,31246139
TX,2009-08,25758166,85333617,30817049
TX,2009-09,20970481,77145349,24384435
TX,2009-10,19860762,77056022,23830932
TX,2009-11,17455864,74893950,21540544
TX,2009-12,20796894,79788942,26366535
TX,2010-01,21236967,80982376,25782705
TX,2010-02,18829270,69457151,22727879
TX,2010-03,17584813,67975045,21626981
TX,2010-04,17018776,63556691,18907518
TX,2010-05,21637575,73930993,23890231
TX,2010-06,25167559,84492320,27647854
TX,2010-07,26153579,90099865,29018158
TX,2010-08,28397664,87804811,32112431
TX,2010-09,23081493,81441351,25883489
TX,2010-10,19626003,74092088,22826389
TX,2010-11,18161932,71129247,21337168
TX,2010-12,20295788,78835347,23190652
TX,2011-01,22009293,81272911,25023100
TX,2011-02,18750036,64285044,21155634
TX,2011-03,18939103,62548534,21378801
TX,2011-04,20749859,63308817,22171574
TX,2011-05,22194854,70223350,24617739
TX,2011-06,26131261,78304113,28608533
TX,2011-07,29293688,84544710,32781831
TX,2011-08,30070443,87654320,33713305
TX,2011-09,24289263,77122332,26297446
TX,2011-10,20045444,67125401,21333057
TX,2011-11,17719324,60368674,18628135
TX,2011-12,20376237,56208943,20509658
TX,2012-01,18788010,48824406,18718655
TX,2012-02,17268540,46002802,17225350
TX,2012-03,17599356,46662089,16163554
TX,2012-04,17393904,45424144,16251667
TX,2012-05,21177638,52646754,20511220
TX,2012-06,24698329,60761980,24411520
TX,2012-07,26982549,62208513,27065785
TX,2012-08,27298020,64502749,27696933
TX,2012-09,23044589,63695830,22935475
TX,2012-10,20532184,63900037,21022611
TX,2012-11,19012126,60907124,23425257
TX,2012-12,19475811,62758192,23379620
TX,2013-01,20709906,60065926,26250701
TX,2013-02,17228912,53956467,21616572
TX,2013-03,18061733,55174464,19289910
TX,2013-04,18087622,47601480,16959706
TX,2013-05,20964860,57635718,20343402
TX,2013-06,25138903,65751867,24417262
TX,2013-07,27218644,77006601,26797067
TX,2013-08,28487790,77380733,28278945
TX,2013-09,24946253,67462022,25197213
TX,2013-10,20626537,54976140,20283934
TX,2013-11,18651386,50996321,18517008
TX,2013-12,22889513,63002064,22959541
TX,2014-01,21551081,55279214,21523915
TX,2014-02,19783590,54301274,19927261
TX,2014-03,19063882,55028793,17835927
TX,2014-04,18536749,44088949,16519015
TX,2014-05,21405205,56117515,20998753
TX,2014-06,23170002,61861013,22339577
TX,2014-07,27216277,75514024,25496683
TX,2014-08,27732856,75430005,25948746
TX,2014-09,24217214,68817744,22550665
TX,2014-10,20293243,48192931,18423497
TX,2014-11,18126131,46351596,16423690
TX,2014-12,19173638,45865249,17163290
TX,2015-01,20643167,42373231,18272639
TX,2015-02,17176455,36661889,14828455
TX,2015-03,16698581,36236025,13754931
TX,2015-04,16156467,31953568,12973362
TX,2015-05,19084496,35009492,16829948
TX,2015-06,24394994,53180465,21865115
TX,2015-07,27220409,56185455,25010457
TX,2015-08,27591465,57659507,25891543
TX,2015-09,23736627,51630947,21487676
TX,2015-10,19613894,46351561,16624603
TX,2015-11,16449957,38692979,14492987
TX,2015-12,17015048,34322898,14568609
TX,2016-01,18055327,35271668,15561509
TX,2016-02,14355501,24191946,11845961
TX,2016-03,13496958,22891232,11380819
TX,2016-04,15195214,24694977,12849736
TX,2016-05,19109524,32072618,15791701
TX,2016-06,24721550,50768189,22566714
TX,2016-07,27029920,57360472,24781940
TX,2016-08,26787089,54736758,24278479
TX,2016-09,24086403,53785597,21873897
TX,2016-10,21323471,49728419,19522175
TX,2016-11,17250382,37480950,14519080
TX,2016-12,20613307,48605173,19419262
TX,2017-01,19331237,42894985,17701565
TX,2017-02,14943052,31051528,12359209
TX,2017-03,15979323,32705654,12840785
TX,2017-04,17629580,37501670,15006294
TX,2017-05,20527859,43144139,18172434
TX,2017-06,24341470,49926089,22081493
TX,2017-07,13806225,28024668,12400965
TX,2017-08,13006722,28699515,11555991
TX,2017-09,10945368,25754774,10006502
TX,2017-10,9675622,24277248,8393565
TX,2017-11,9234651,25158740,8502670
TX,2017-12,10276127,24860716,9701833
TX,2018-01,10098814,21653543,10096110
TX,2018-02,7656830,13957120,6788388
TX,2018-03,7289827,12526630,6294605
